"","subject_id","condition","category","label","selected_group","selected_group_location","selected_group_semantics","selected_concurrent_func","category_complexity","category_function","trial_index"
"1","031e8f18-b7d2-4ec4-abba-8760581a6a13","count","low complexity, low function","blicket","img/stim_lclf_b.png","right","con",1,"low","low",1
"2","031e8f18-b7d2-4ec4-abba-8760581a6a13","count","low complexity, high function","toma","img/stim_lchf_a.png","left","ind",0,"low","high",2
"3","031e8f18-b7d2-4ec4-abba-8760581a6a13","count","high complexity, low function","garn","img/stim_hclf_a.png","right","ind",0,"high","low",3
"4","031e8f18-b7d2-4ec4-abba-8760581a6a13","count","high complexity, high function","zorp","img/stim_hchf_b.png","left","ind",0,"high","high",4
"5","031e8f18-b7d2-4ec4-abba-8760581a6a13","count","medium complexity, medium function","sarel","img/stim_mcmf_b.png","left","con",1,"medium","medium",5
"6","7a70a735-4bf1-4be2-85fd-31874fb22fe4","count","low complexity, low function","zorp","img/stim_lclf_a.png","right","ind",0,"low","low",1
"7","7a70a735-4bf1-4be2-85fd-31874fb22fe4","count","high complexity, low function","sarel","img/stim_hclf_b.png","left","con",1,"high","low",2
"8","7a70a735-4bf1-4be2-85fd-31874fb22fe4","count","low complexity, high function","toma","img/stim_lchf_a.png","right","con",1,"low","high",3
"9","7a70a735-4bf1-4be2-85fd-31874fb22fe4","count","medium complexity, medium function","garn","img/stim_mcmf_b.png","left","ind",0,"medium","medium",4
"10","7a70a735-4bf1-4be2-85fd-31874fb22fe4","count","high complexity, high function","blicket","img/stim_hchf_a.png","right","ind",0,"high","high",5
"11","ffb41d0b-d70a-42c9-b800-e02749ab79f5","count","high complexity, low function","blicket","img/stim_hclf_b.png","left","con",1,"high","low",1
"12","ffb41d0b-d70a-42c9-b800-e02749ab79f5","count","medium complexity, medium function","zorp","img/stim_mcmf_b.png","right","con",1,"medium","medium",2
"13","ffb41d0b-d70a-42c9-b800-e02749ab79f5","count","high complexity, high function","garn","img/stim_hchf_a.png","right","con",1,"high","high",3
"14","ffb41d0b-d70a-42c9-b800-e02749ab79f5","count","low complexity, low function","toma","img/stim_lclf_a.png","left","ind",0,"low","low",4
"15","ffb41d0b-d70a-42c9-b800-e02749ab79f5","count","low complexity, high function","sarel","img/stim_lchf_b.png","left","con",1,"low","high",5
"16","4185975c-1db1-4972-adad-9026bf07d640","count","high complexity, low function","zorp","img/stim_hclf_a.png","right","ind",0,"high","low",1
"17","4185975c-1db1-4972-adad-9026bf07d640","count","low complexity, high function","sarel","img/stim_lchf_b.png","right","ind",0,"low","high",2
"18","4185975c-1db1-4972-adad-9026bf07d640","count","low complexity, low function","garn","img/stim_lclf_a.png","left","con",1,"low","low",3
"19","4185975c-1db1-4972-adad-9026bf07d640","count","high complexity, high function","toma","img/stim_hchf_a.png","right","con",1,"high","high",4
"20","4185975c-1db1-4972-adad-9026bf07d640","count","medium complexity, medium function","blicket","img/stim_mcmf_b.png","left","con",1,"medium","medium",5
"21","1094f026-383d-40d7-b42c-9d1e61f40764","count","low complexity, high function","garn","img/stim_lchf_b.png","right","con",1,"low","high",1
"22","1094f026-383d-40d7-b42c-9d1e61f40764","count","high complexity, high function","toma","img/stim_hchf_a.png","left","con",1,"high","high",2
"23","1094f026-383d-40d7-b42c-9d1e61f40764","count","low complexity, low function","sarel","img/stim_lclf_b.png","left","ind",0,"low","low",3
"24","1094f026-383d-40d7-b42c-9d1e61f40764","count","medium complexity, medium function","blicket","img/stim_mcmf_b.png","right","ind",0,"medium","medium",4
"25","1094f026-383d-40d7-b42c-9d1e61f40764","count","high complexity, low function","zorp","img/stim_hclf_b.png","right","ind",0,"high","low",5
"26","cdb57940-598c-4652-8988-b5aa30b51944","count","high complexity, low function","zorp","img/stim_hclf_a.png","left","ind",0,"high","low",1
"27","cdb57940-598c-4652-8988-b5aa30b51944","count","low complexity, low function","toma","img/stim_lclf_b.png","left","con",1,"low","low",2
"28","cdb57940-598c-4652-8988-b5aa30b51944","count","medium complexity, medium function","blicket","img/stim_mcmf_b.png","right","ind",0,"medium","medium",3
"29","cdb57940-598c-4652-8988-b5aa30b51944","count","high complexity, high function","garn","img/stim_hchf_b.png","left","con",1,"high","high",4
"30","cdb57940-598c-4652-8988-b5aa30b51944","count","low complexity, high function","sarel","img/stim_lchf_b.png","right","ind",0,"low","high",5
"31","60d105ba-890d-4238-9fb2-a077bfc151bb","count","medium complexity, medium function","garn","img/stim_mcmf_b.png","left","ind",0,"medium","medium",1
"32","60d105ba-890d-4238-9fb2-a077bfc151bb","count","low complexity, low function","zorp","img/stim_lclf_b.png","right","ind",0,"low","low",2
"33","60d105ba-890d-4238-9fb2-a077bfc151bb","count","low complexity, high function","sarel","img/stim_lchf_a.png","left","con",1,"low","high",3
"34","60d105ba-890d-4238-9fb2-a077bfc151bb","count","high complexity, low function","toma","img/stim_hclf_a.png","right","con",1,"high","low",4
"35","60d105ba-890d-4238-9fb2-a077bfc151bb","count","high complexity, high function","blicket","img/stim_hchf_b.png","right","ind",0,"high","high",5
"36","d85f0aeb-6e22-4ad5-bf4f-60371da9b5d1","count","high complexity, high function","sarel","img/stim_hchf_b.png","left","ind",0,"high","high",1
"37","d85f0aeb-6e22-4ad5-bf4f-60371da9b5d1","count","high complexity, low function","garn","img/stim_hclf_a.png","left","con",1,"high","low",2
"38","d85f0aeb-6e22-4ad5-bf4f-60371da9b5d1","count","low complexity, low function","zorp","img/stim_lclf_b.png","left","con",1,"low","low",3
"39","d85f0aeb-6e22-4ad5-bf4f-60371da9b5d1","count","low complexity, high function","toma","img/stim_lchf_b.png","right","ind",0,"low","high",4
"40","d85f0aeb-6e22-4ad5-bf4f-60371da9b5d1","count","medium complexity, medium function","blicket","img/stim_mcmf_a.png","right","con",1,"medium","medium",5
"41","3ad7b91d-98ca-418b-9d20-ca5e7a4d9e64","count","low complexity, low function","zorp","img/stim_lclf_a.png","right","ind",0,"low","low",1
"42","3ad7b91d-98ca-418b-9d20-ca5e7a4d9e64","count","medium complexity, medium function","garn","img/stim_mcmf_b.png","left","ind",0,"medium","medium",2
"43","3ad7b91d-98ca-418b-9d20-ca5e7a4d9e64","count","low complexity, high function","toma","img/stim_lchf_b.png","right","ind",0,"low","high",3
"44","3ad7b91d-98ca-418b-9d20-ca5e7a4d9e64","count","high complexity, low function","sarel","img/stim_hclf_b.png","right","ind",0,"high","low",4
"45","3ad7b91d-98ca-418b-9d20-ca5e7a4d9e64","count","high complexity, high function","blicket","img/stim_hchf_b.png","right","ind",0,"high","high",5
"46","04514da5-5414-48d1-8be6-85f5ea367051","count","low complexity, low function","zorp","img/stim_lclf_b.png","right","ind",0,"low","low",1
"47","04514da5-5414-48d1-8be6-85f5ea367051","count","high complexity, low function","toma","img/stim_hclf_a.png","right","ind",0,"high","low",2
"48","04514da5-5414-48d1-8be6-85f5ea367051","count","high complexity, high function","sarel","img/stim_hchf_a.png","right","ind",0,"high","high",3
"49","04514da5-5414-48d1-8be6-85f5ea367051","count","low complexity, high function","blicket","img/stim_lchf_b.png","right","ind",0,"low","high",4
"50","04514da5-5414-48d1-8be6-85f5ea367051","count","medium complexity, medium function","garn","img/stim_mcmf_b.png","left","con",1,"medium","medium",5
"51","29a426fe-a086-44ad-95fc-0e4c08c11562","count","high complexity, high function","blicket","img/stim_hchf_b.png","left","ind",0,"high","high",1
"52","29a426fe-a086-44ad-95fc-0e4c08c11562","count","high complexity, low function","toma","img/stim_hclf_a.png","right","ind",0,"high","low",2
"53","29a426fe-a086-44ad-95fc-0e4c08c11562","count","low complexity, low function","garn","img/stim_lclf_b.png","right","ind",0,"low","low",3
"54","29a426fe-a086-44ad-95fc-0e4c08c11562","count","low complexity, high function","sarel","img/stim_lchf_b.png","left","ind",0,"low","high",4
"55","29a426fe-a086-44ad-95fc-0e4c08c11562","count","medium complexity, medium function","zorp","img/stim_mcmf_b.png","right","con",1,"medium","medium",5
"56","c9903b33-2987-4356-a747-e77561233672","count","low complexity, high function","zorp","img/stim_lchf_a.png","right","ind",0,"low","high",1
"57","c9903b33-2987-4356-a747-e77561233672","count","high complexity, low function","toma","img/stim_hclf_b.png","left","con",1,"high","low",2
"58","c9903b33-2987-4356-a747-e77561233672","count","high complexity, high function","garn","img/stim_hchf_a.png","left","con",1,"high","high",3
"59","c9903b33-2987-4356-a747-e77561233672","count","low complexity, low function","blicket","img/stim_lclf_b.png","right","ind",0,"low","low",4
"60","c9903b33-2987-4356-a747-e77561233672","count","medium complexity, medium function","sarel","img/stim_mcmf_b.png","right","ind",0,"medium","medium",5
"61","f758bd42-f641-43ce-be1d-9902dc416584","count","high complexity, low function","sarel","img/stim_hclf_b.png","left","ind",0,"high","low",1
"62","f758bd42-f641-43ce-be1d-9902dc416584","count","low complexity, high function","garn","img/stim_lchf_b.png","left","ind",0,"low","high",2
"63","f758bd42-f641-43ce-be1d-9902dc416584","count","medium complexity, medium function","toma","img/stim_mcmf_a.png","right","ind",0,"medium","medium",3
"64","f758bd42-f641-43ce-be1d-9902dc416584","count","low complexity, low function","zorp","img/stim_lclf_b.png","left","con",1,"low","low",4
"65","f758bd42-f641-43ce-be1d-9902dc416584","count","high complexity, high function","blicket","img/stim_hchf_b.png","right","ind",0,"high","high",5
"66","d9e292c0-d634-49c5-8473-e25259e693db","count","high complexity, low function","blicket","img/stim_hclf_b.png","left","ind",0,"high","low",1
"67","d9e292c0-d634-49c5-8473-e25259e693db","count","medium complexity, medium function","garn","img/stim_mcmf_a.png","right","con",1,"medium","medium",2
"68","d9e292c0-d634-49c5-8473-e25259e693db","count","low complexity, high function","toma","img/stim_lchf_a.png","left","ind",0,"low","high",3
"69","d9e292c0-d634-49c5-8473-e25259e693db","count","high complexity, high function","zorp","img/stim_hchf_b.png","right","con",1,"high","high",4
"70","d9e292c0-d634-49c5-8473-e25259e693db","count","low complexity, low function","sarel","img/stim_lclf_b.png","left","ind",0,"low","low",5
"71","3a6a44df-5b04-4d33-882a-b68b5e2e3cbc","count","high complexity, low function","sarel","img/stim_hclf_b.png","right","con",1,"high","low",1
"72","3a6a44df-5b04-4d33-882a-b68b5e2e3cbc","count","low complexity, low function","garn","img/stim_lclf_a.png","left","ind",0,"low","low",2
"73","3a6a44df-5b04-4d33-882a-b68b5e2e3cbc","count","low complexity, high function","toma","img/stim_lchf_a.png","left","con",1,"low","high",3
"74","3a6a44df-5b04-4d33-882a-b68b5e2e3cbc","count","high complexity, high function","blicket","img/stim_hchf_b.png","right","ind",0,"high","high",4
"75","3a6a44df-5b04-4d33-882a-b68b5e2e3cbc","count","medium complexity, medium function","zorp","img/stim_mcmf_b.png","left","con",1,"medium","medium",5
"76","3e72d95d-84e2-4fb4-a292-7ad5bdad4420","count","low complexity, low function","sarel","img/stim_lclf_b.png","right","con",1,"low","low",1
"77","3e72d95d-84e2-4fb4-a292-7ad5bdad4420","count","medium complexity, medium function","garn","img/stim_mcmf_a.png","left","con",1,"medium","medium",2
"78","3e72d95d-84e2-4fb4-a292-7ad5bdad4420","count","high complexity, high function","blicket","img/stim_hchf_b.png","right","ind",0,"high","high",3
"79","3e72d95d-84e2-4fb4-a292-7ad5bdad4420","count","low complexity, high function","zorp","img/stim_lchf_a.png","right","con",1,"low","high",4
"80","3e72d95d-84e2-4fb4-a292-7ad5bdad4420","count","high complexity, low function","toma","img/stim_hclf_a.png","left","con",1,"high","low",5
"81","38febe87-a98f-461e-ad1c-d93cb584a445","count","low complexity, low function","zorp","img/stim_lclf_b.png","right","ind",0,"low","low",1
"82","38febe87-a98f-461e-ad1c-d93cb584a445","count","low complexity, high function","sarel","img/stim_lchf_a.png","right","ind",0,"low","high",2
"83","38febe87-a98f-461e-ad1c-d93cb584a445","count","medium complexity, medium function","toma","img/stim_mcmf_a.png","left","con",1,"medium","medium",3
"84","38febe87-a98f-461e-ad1c-d93cb584a445","count","high complexity, high function","garn","img/stim_hchf_a.png","right","ind",0,"high","high",4
"85","38febe87-a98f-461e-ad1c-d93cb584a445","count","high complexity, low function","blicket","img/stim_hclf_b.png","right","con",1,"high","low",5
"86","eb8a4101-f5c7-41c9-b819-ec9f67f88420","count","low complexity, high function","garn","img/stim_lchf_b.png","left","ind",0,"low","high",1
"87","eb8a4101-f5c7-41c9-b819-ec9f67f88420","count","medium complexity, medium function","toma","img/stim_mcmf_a.png","left","con",1,"medium","medium",2
"88","eb8a4101-f5c7-41c9-b819-ec9f67f88420","count","low complexity, low function","zorp","img/stim_lclf_b.png","left","ind",0,"low","low",3
"89","eb8a4101-f5c7-41c9-b819-ec9f67f88420","count","high complexity, high function","sarel","img/stim_hchf_a.png","right","ind",0,"high","high",4
"90","eb8a4101-f5c7-41c9-b819-ec9f67f88420","count","high complexity, low function","blicket","img/stim_hclf_b.png","left","ind",0,"high","low",5
"91","17c01562-2ccb-4743-9fb5-d06551bdcd65","count","medium complexity, medium function","blicket","img/stim_mcmf_a.png","right","ind",0,"medium","medium",1
"92","17c01562-2ccb-4743-9fb5-d06551bdcd65","count","high complexity, low function","sarel","img/stim_hclf_b.png","left","con",1,"high","low",2
"93","17c01562-2ccb-4743-9fb5-d06551bdcd65","count","low complexity, high function","garn","img/stim_lchf_a.png","left","con",1,"low","high",3
"94","17c01562-2ccb-4743-9fb5-d06551bdcd65","count","high complexity, high function","toma","img/stim_hchf_b.png","right","con",1,"high","high",4
"95","17c01562-2ccb-4743-9fb5-d06551bdcd65","count","low complexity, low function","zorp","img/stim_lclf_b.png","right","con",1,"low","low",5
"96","f6fe4ce7-77fd-4ce5-b69f-cfbda2330a00","count","high complexity, high function","sarel","img/stim_hchf_b.png","right","ind",0,"high","high",1
"97","f6fe4ce7-77fd-4ce5-b69f-cfbda2330a00","count","low complexity, high function","toma","img/stim_lchf_a.png","right","con",1,"low","high",2
"98","f6fe4ce7-77fd-4ce5-b69f-cfbda2330a00","count","high complexity, low function","blicket","img/stim_hclf_b.png","left","con",1,"high","low",3
"99","f6fe4ce7-77fd-4ce5-b69f-cfbda2330a00","count","low complexity, low function","garn","img/stim_lclf_a.png","right","ind",0,"low","low",4
"100","f6fe4ce7-77fd-4ce5-b69f-cfbda2330a00","count","medium complexity, medium function","zorp","img/stim_mcmf_b.png","right","ind",0,"medium","medium",5
"101","2af26337-0f36-4f13-85c1-7df9902edd17","count","low complexity, high function","toma","img/stim_lchf_a.png","right","ind",0,"low","high",1
"102","2af26337-0f36-4f13-85c1-7df9902edd17","count","low complexity, low function","sarel","img/stim_lclf_a.png","right","con",1,"low","low",2
"103","2af26337-0f36-4f13-85c1-7df9902edd17","count","high complexity, low function","blicket","img/stim_hclf_a.png","left","con",1,"high","low",3
"104","2af26337-0f36-4f13-85c1-7df9902edd17","count","medium complexity, medium function","garn","img/stim_mcmf_b.png","left","ind",0,"medium","medium",4
"105","2af26337-0f36-4f13-85c1-7df9902edd17","count","high complexity, high function","zorp","img/stim_hchf_b.png","right","ind",0,"high","high",5
"106","7f96bbad-9c25-4394-8047-dcafa130dda4","count","medium complexity, medium function","blicket","img/stim_mcmf_a.png","left","ind",0,"medium","medium",1
"107","7f96bbad-9c25-4394-8047-dcafa130dda4","count","high complexity, high function","garn","img/stim_hchf_b.png","right","con",1,"high","high",2
"108","7f96bbad-9c25-4394-8047-dcafa130dda4","count","high complexity, low function","zorp","img/stim_hclf_b.png","right","ind",0,"high","low",3
"109","7f96bbad-9c25-4394-8047-dcafa130dda4","count","low complexity, high function","sarel","img/stim_lchf_b.png","left","con",1,"low","high",4
"110","7f96bbad-9c25-4394-8047-dcafa130dda4","count","low complexity, low function","toma","img/stim_lclf_b.png","right","ind",0,"low","low",5
"111","f13e5b0c-00a9-423e-b024-f941765bbcb7","count","low complexity, low function","toma","img/stim_lclf_b.png","left","con",1,"low","low",1
"112","f13e5b0c-00a9-423e-b024-f941765bbcb7","count","medium complexity, medium function","sarel","img/stim_mcmf_b.png","left","con",1,"medium","medium",2
"113","f13e5b0c-00a9-423e-b024-f941765bbcb7","count","high complexity, low function","zorp","img/stim_hclf_a.png","left","ind",0,"high","low",3
"114","f13e5b0c-00a9-423e-b024-f941765bbcb7","count","low complexity, high function","blicket","img/stim_lchf_a.png","right","con",1,"low","high",4
"115","f13e5b0c-00a9-423e-b024-f941765bbcb7","count","high complexity, high function","garn","img/stim_hchf_a.png","right","ind",0,"high","high",5
"116","66ac2114-a2d6-413a-911a-a8013b51aa16","count","medium complexity, medium function","zorp","img/stim_mcmf_b.png","right","ind",0,"medium","medium",1
"117","66ac2114-a2d6-413a-911a-a8013b51aa16","count","low complexity, low function","toma","img/stim_lclf_a.png","right","ind",0,"low","low",2
"118","66ac2114-a2d6-413a-911a-a8013b51aa16","count","high complexity, high function","garn","img/stim_hchf_a.png","left","con",1,"high","high",3
"119","66ac2114-a2d6-413a-911a-a8013b51aa16","count","high complexity, low function","sarel","img/stim_hclf_b.png","right","ind",0,"high","low",4
"120","66ac2114-a2d6-413a-911a-a8013b51aa16","count","low complexity, high function","blicket","img/stim_lchf_b.png","left","con",1,"low","high",5
"121","dcc1bbbc-4260-4f1c-9492-07b6ca213b38","count","low complexity, high function","blicket","img/stim_lchf_b.png","right","con",1,"low","high",1
"122","dcc1bbbc-4260-4f1c-9492-07b6ca213b38","count","medium complexity, medium function","sarel","img/stim_mcmf_b.png","left","ind",0,"medium","medium",2
"123","dcc1bbbc-4260-4f1c-9492-07b6ca213b38","count","low complexity, low function","garn","img/stim_lclf_b.png","right","con",1,"low","low",3
"124","dcc1bbbc-4260-4f1c-9492-07b6ca213b38","count","high complexity, low function","toma","img/stim_hclf_b.png","left","con",1,"high","low",4
"125","dcc1bbbc-4260-4f1c-9492-07b6ca213b38","count","high complexity, high function","zorp","img/stim_hchf_a.png","right","con",1,"high","high",5
"126","bcede6cc-bf29-40c4-8dbe-e6dee2c99826","count","low complexity, low function","blicket","img/stim_lclf_a.png","left","ind",0,"low","low",1
"127","bcede6cc-bf29-40c4-8dbe-e6dee2c99826","count","high complexity, high function","zorp","img/stim_hchf_b.png","right","con",1,"high","high",2
"128","bcede6cc-bf29-40c4-8dbe-e6dee2c99826","count","high complexity, low function","garn","img/stim_hclf_b.png","right","ind",0,"high","low",3
"129","bcede6cc-bf29-40c4-8dbe-e6dee2c99826","count","low complexity, high function","sarel","img/stim_lchf_b.png","left","con",1,"low","high",4
"130","bcede6cc-bf29-40c4-8dbe-e6dee2c99826","count","medium complexity, medium function","toma","img/stim_mcmf_b.png","left","con",1,"medium","medium",5
"131","2adaf824-efe8-4ea6-9ad5-44a5c5b5397a","count","medium complexity, medium function","zorp","img/stim_mcmf_a.png","right","ind",0,"medium","medium",1
"132","2adaf824-efe8-4ea6-9ad5-44a5c5b5397a","count","low complexity, high function","sarel","img/stim_lchf_b.png","left","ind",0,"low","high",2
"133","2adaf824-efe8-4ea6-9ad5-44a5c5b5397a","count","high complexity, low function","toma","img/stim_hclf_a.png","right","con",1,"high","low",3
"134","2adaf824-efe8-4ea6-9ad5-44a5c5b5397a","count","high complexity, high function","garn","img/stim_hchf_b.png","right","ind",0,"high","high",4
"135","2adaf824-efe8-4ea6-9ad5-44a5c5b5397a","count","low complexity, low function","blicket","img/stim_lclf_b.png","left","con",1,"low","low",5
"136","69bc742d-3ae6-4e9d-8c31-4bb598a2bd50","count","high complexity, low function","garn","img/stim_hclf_b.png","left","con",1,"high","low",1
"137","69bc742d-3ae6-4e9d-8c31-4bb598a2bd50","count","low complexity, low function","zorp","img/stim_lclf_a.png","right","ind",0,"low","low",2
"138","69bc742d-3ae6-4e9d-8c31-4bb598a2bd50","count","medium complexity, medium function","sarel","img/stim_mcmf_b.png","right","con",1,"medium","medium",3
"139","69bc742d-3ae6-4e9d-8c31-4bb598a2bd50","count","high complexity, high function","toma","img/stim_hchf_b.png","left","ind",0,"high","high",4
"140","69bc742d-3ae6-4e9d-8c31-4bb598a2bd50","count","low complexity, high function","blicket","img/stim_lchf_a.png","right","con",1,"low","high",5
"141","cc8fb09d-7d6f-4972-9b41-3252fefd4736","count","medium complexity, medium function","garn","img/stim_mcmf_a.png","right","ind",0,"medium","medium",1
"142","cc8fb09d-7d6f-4972-9b41-3252fefd4736","count","low complexity, low function","sarel","img/stim_lclf_a.png","right","con",1,"low","low",2
"143","cc8fb09d-7d6f-4972-9b41-3252fefd4736","count","low complexity, high function","toma","img/stim_lchf_a.png","right","con",1,"low","high",3
"144","cc8fb09d-7d6f-4972-9b41-3252fefd4736","count","high complexity, low function","zorp","img/stim_hclf_b.png","right","ind",0,"high","low",4
"145","cc8fb09d-7d6f-4972-9b41-3252fefd4736","count","high complexity, high function","blicket","img/stim_hchf_b.png","right","con",1,"high","high",5
"146","3717419d-9e29-47a8-af24-36907aa6a471","count","low complexity, high function","sarel","img/stim_lchf_b.png","right","con",1,"low","high",1
"147","3717419d-9e29-47a8-af24-36907aa6a471","count","low complexity, low function","blicket","img/stim_lclf_b.png","left","ind",0,"low","low",2
"148","3717419d-9e29-47a8-af24-36907aa6a471","count","medium complexity, medium function","garn","img/stim_mcmf_a.png","left","con",1,"medium","medium",3
"149","3717419d-9e29-47a8-af24-36907aa6a471","count","high complexity, low function","zorp","img/stim_hclf_b.png","right","ind",0,"high","low",4
"150","3717419d-9e29-47a8-af24-36907aa6a471","count","high complexity, high function","toma","img/stim_hchf_a.png","right","con",1,"high","high",5
"151","28839058-d297-439b-acc7-d598babd4b82","count","high complexity, low function","sarel","img/stim_hclf_b.png","left","con",1,"high","low",1
"152","28839058-d297-439b-acc7-d598babd4b82","count","low complexity, high function","garn","img/stim_lchf_a.png","left","ind",0,"low","high",2
"153","28839058-d297-439b-acc7-d598babd4b82","count","medium complexity, medium function","toma","img/stim_mcmf_b.png","left","ind",0,"medium","medium",3
"154","28839058-d297-439b-acc7-d598babd4b82","count","low complexity, low function","zorp","img/stim_lclf_a.png","right","con",1,"low","low",4
"155","28839058-d297-439b-acc7-d598babd4b82","count","high complexity, high function","blicket","img/stim_hchf_b.png","right","con",1,"high","high",5
"156","4486e114-8391-4656-a7c8-884e83fe37e3","count","low complexity, high function","toma","img/stim_lchf_b.png","right","ind",0,"low","high",1
"157","4486e114-8391-4656-a7c8-884e83fe37e3","count","medium complexity, medium function","blicket","img/stim_mcmf_a.png","left","con",1,"medium","medium",2
"158","4486e114-8391-4656-a7c8-884e83fe37e3","count","low complexity, low function","zorp","img/stim_lclf_a.png","right","ind",0,"low","low",3
"159","4486e114-8391-4656-a7c8-884e83fe37e3","count","high complexity, low function","sarel","img/stim_hclf_b.png","left","con",1,"high","low",4
"160","4486e114-8391-4656-a7c8-884e83fe37e3","count","high complexity, high function","garn","img/stim_hchf_b.png","left","con",1,"high","high",5
"161","cc5623ee-fe51-4e31-8ea8-0829b2e5af7a","count","low complexity, high function","toma","img/stim_lchf_b.png","right","ind",0,"low","high",1
"162","cc5623ee-fe51-4e31-8ea8-0829b2e5af7a","count","low complexity, low function","sarel","img/stim_lclf_a.png","right","ind",0,"low","low",2
"163","cc5623ee-fe51-4e31-8ea8-0829b2e5af7a","count","high complexity, low function","zorp","img/stim_hclf_a.png","left","ind",0,"high","low",3
"164","cc5623ee-fe51-4e31-8ea8-0829b2e5af7a","count","medium complexity, medium function","garn","img/stim_mcmf_b.png","right","ind",0,"medium","medium",4
"165","cc5623ee-fe51-4e31-8ea8-0829b2e5af7a","count","high complexity, high function","blicket","img/stim_hchf_b.png","right","ind",0,"high","high",5
"166","e40a3014-8896-41b6-8c26-1bc70928272f","count","low complexity, low function","zorp","img/stim_lclf_a.png","right","ind",0,"low","low",1
"167","e40a3014-8896-41b6-8c26-1bc70928272f","count","high complexity, low function","blicket","img/stim_hclf_b.png","right","ind",0,"high","low",2
"168","e40a3014-8896-41b6-8c26-1bc70928272f","count","medium complexity, medium function","garn","img/stim_mcmf_b.png","right","ind",0,"medium","medium",3
"169","e40a3014-8896-41b6-8c26-1bc70928272f","count","low complexity, high function","toma","img/stim_lchf_a.png","left","ind",0,"low","high",4
"170","e40a3014-8896-41b6-8c26-1bc70928272f","count","high complexity, high function","sarel","img/stim_hchf_a.png","right","ind",0,"high","high",5
"171","366a0f8e-2ac0-4666-b6ad-563b68a74904","count","high complexity, low function","blicket","img/stim_hclf_a.png","left","ind",0,"high","low",1
"172","366a0f8e-2ac0-4666-b6ad-563b68a74904","count","high complexity, high function","toma","img/stim_hchf_a.png","right","con",1,"high","high",2
"173","366a0f8e-2ac0-4666-b6ad-563b68a74904","count","medium complexity, medium function","sarel","img/stim_mcmf_b.png","left","ind",0,"medium","medium",3
"174","366a0f8e-2ac0-4666-b6ad-563b68a74904","count","low complexity, low function","garn","img/stim_lclf_a.png","left","con",1,"low","low",4
"175","366a0f8e-2ac0-4666-b6ad-563b68a74904","count","low complexity, high function","zorp","img/stim_lchf_a.png","right","con",1,"low","high",5
"176","62401b0a-252a-4da6-8493-b5f637968c12","count","low complexity, low function","garn","img/stim_lclf_a.png","right","ind",0,"low","low",1
"177","62401b0a-252a-4da6-8493-b5f637968c12","count","medium complexity, medium function","blicket","img/stim_mcmf_b.png","right","ind",0,"medium","medium",2
"178","62401b0a-252a-4da6-8493-b5f637968c12","count","low complexity, high function","zorp","img/stim_lchf_b.png","left","ind",0,"low","high",3
"179","62401b0a-252a-4da6-8493-b5f637968c12","count","high complexity, high function","sarel","img/stim_hchf_b.png","right","ind",0,"high","high",4
"180","62401b0a-252a-4da6-8493-b5f637968c12","count","high complexity, low function","toma","img/stim_hclf_a.png","right","ind",0,"high","low",5
"181","d40432d2-3153-4db3-b25d-51d2d0e1a341","count","low complexity, low function","zorp","img/stim_lclf_a.png","right","ind",0,"low","low",1
"182","d40432d2-3153-4db3-b25d-51d2d0e1a341","count","high complexity, high function","blicket","img/stim_hchf_a.png","left","ind",0,"high","high",2
"183","d40432d2-3153-4db3-b25d-51d2d0e1a341","count","high complexity, low function","sarel","img/stim_hclf_b.png","right","con",1,"high","low",3
"184","d40432d2-3153-4db3-b25d-51d2d0e1a341","count","low complexity, high function","toma","img/stim_lchf_b.png","right","con",1,"low","high",4
"185","d40432d2-3153-4db3-b25d-51d2d0e1a341","count","medium complexity, medium function","garn","img/stim_mcmf_a.png","right","ind",0,"medium","medium",5
"186","1f48d823-b216-4693-97ed-12b06c7ae8f9","count","low complexity, low function","toma","img/stim_lclf_a.png","left","con",1,"low","low",1
"187","1f48d823-b216-4693-97ed-12b06c7ae8f9","count","low complexity, high function","sarel","img/stim_lchf_a.png","left","con",1,"low","high",2
"188","1f48d823-b216-4693-97ed-12b06c7ae8f9","count","medium complexity, medium function","garn","img/stim_mcmf_a.png","right","ind",0,"medium","medium",3
"189","1f48d823-b216-4693-97ed-12b06c7ae8f9","count","high complexity, low function","zorp","img/stim_hclf_b.png","left","ind",0,"high","low",4
"190","1f48d823-b216-4693-97ed-12b06c7ae8f9","count","high complexity, high function","blicket","img/stim_hchf_b.png","left","con",1,"high","high",5
"191","3839094a-f0b1-4a40-b368-a4b4ae4cd8d4","count","medium complexity, medium function","toma","img/stim_mcmf_a.png","left","ind",0,"medium","medium",1
"192","3839094a-f0b1-4a40-b368-a4b4ae4cd8d4","count","low complexity, high function","blicket","img/stim_lchf_a.png","right","ind",0,"low","high",2
"193","3839094a-f0b1-4a40-b368-a4b4ae4cd8d4","count","low complexity, low function","garn","img/stim_lclf_b.png","right","ind",0,"low","low",3
"194","3839094a-f0b1-4a40-b368-a4b4ae4cd8d4","count","high complexity, low function","sarel","img/stim_hclf_a.png","left","ind",0,"high","low",4
"195","3839094a-f0b1-4a40-b368-a4b4ae4cd8d4","count","high complexity, high function","zorp","img/stim_hchf_a.png","right","ind",0,"high","high",5
"196","d2338da7-9f1b-41f3-a91e-a62e635afc13","count","medium complexity, medium function","garn","img/stim_mcmf_b.png","left","con",1,"medium","medium",1
"197","d2338da7-9f1b-41f3-a91e-a62e635afc13","count","low complexity, high function","blicket","img/stim_lchf_b.png","right","con",1,"low","high",2
"198","d2338da7-9f1b-41f3-a91e-a62e635afc13","count","low complexity, low function","zorp","img/stim_lclf_b.png","right","ind",0,"low","low",3
"199","d2338da7-9f1b-41f3-a91e-a62e635afc13","count","high complexity, low function","toma","img/stim_hclf_b.png","right","con",1,"high","low",4
"200","d2338da7-9f1b-41f3-a91e-a62e635afc13","count","high complexity, high function","sarel","img/stim_hchf_b.png","left","ind",0,"high","high",5
"201","9fcb9ae8-8e77-4278-b1c8-f2ebcd93c625","count","high complexity, high function","zorp","img/stim_hchf_a.png","right","ind",0,"high","high",1
"202","9fcb9ae8-8e77-4278-b1c8-f2ebcd93c625","count","medium complexity, medium function","garn","img/stim_mcmf_b.png","right","ind",0,"medium","medium",2
"203","9fcb9ae8-8e77-4278-b1c8-f2ebcd93c625","count","high complexity, low function","toma","img/stim_hclf_a.png","left","ind",0,"high","low",3
"204","9fcb9ae8-8e77-4278-b1c8-f2ebcd93c625","count","low complexity, high function","sarel","img/stim_lchf_a.png","left","ind",0,"low","high",4
"205","9fcb9ae8-8e77-4278-b1c8-f2ebcd93c625","count","low complexity, low function","blicket","img/stim_lclf_a.png","left","ind",0,"low","low",5
"206","0114ad30-7214-4573-9a98-8fd78f739eb9","count","medium complexity, medium function","sarel","img/stim_mcmf_b.png","right","con",1,"medium","medium",1
"207","0114ad30-7214-4573-9a98-8fd78f739eb9","count","low complexity, high function","blicket","img/stim_lchf_a.png","left","con",1,"low","high",2
"208","0114ad30-7214-4573-9a98-8fd78f739eb9","count","low complexity, low function","garn","img/stim_lclf_a.png","left","ind",0,"low","low",3
"209","0114ad30-7214-4573-9a98-8fd78f739eb9","count","high complexity, low function","zorp","img/stim_hclf_b.png","right","con",1,"high","low",4
"210","0114ad30-7214-4573-9a98-8fd78f739eb9","count","high complexity, high function","toma","img/stim_hchf_b.png","right","con",1,"high","high",5
"211","ba343b12-92e5-44c6-9a49-a28252883cc2","count","medium complexity, medium function","zorp","img/stim_mcmf_b.png","right","ind",0,"medium","medium",1
"212","ba343b12-92e5-44c6-9a49-a28252883cc2","count","low complexity, high function","blicket","img/stim_lchf_b.png","left","ind",0,"low","high",2
"213","ba343b12-92e5-44c6-9a49-a28252883cc2","count","low complexity, low function","sarel","img/stim_lclf_b.png","right","con",1,"low","low",3
"214","ba343b12-92e5-44c6-9a49-a28252883cc2","count","high complexity, high function","toma","img/stim_hchf_a.png","left","ind",0,"high","high",4
"215","ba343b12-92e5-44c6-9a49-a28252883cc2","count","high complexity, low function","garn","img/stim_hclf_a.png","left","ind",0,"high","low",5
"216","c1dc82da-8320-4246-98aa-ef08c5c433ec","count","low complexity, high function","zorp","img/stim_lchf_b.png","right","ind",0,"low","high",1
"217","c1dc82da-8320-4246-98aa-ef08c5c433ec","count","high complexity, high function","garn","img/stim_hchf_b.png","left","ind",0,"high","high",2
"218","c1dc82da-8320-4246-98aa-ef08c5c433ec","count","high complexity, low function","sarel","img/stim_hclf_b.png","right","ind",0,"high","low",3
"219","c1dc82da-8320-4246-98aa-ef08c5c433ec","count","low complexity, low function","blicket","img/stim_lclf_b.png","right","con",1,"low","low",4
"220","c1dc82da-8320-4246-98aa-ef08c5c433ec","count","medium complexity, medium function","toma","img/stim_mcmf_a.png","left","ind",0,"medium","medium",5
"221","b3fa3944-f7df-4022-b95f-5ff3a7fc32b4","count","high complexity, high function","zorp","img/stim_hchf_a.png","right","con",1,"high","high",1
"222","b3fa3944-f7df-4022-b95f-5ff3a7fc32b4","count","low complexity, low function","sarel","img/stim_lclf_a.png","right","ind",0,"low","low",2
"223","b3fa3944-f7df-4022-b95f-5ff3a7fc32b4","count","low complexity, high function","toma","img/stim_lchf_b.png","left","ind",0,"low","high",3
"224","b3fa3944-f7df-4022-b95f-5ff3a7fc32b4","count","medium complexity, medium function","garn","img/stim_mcmf_a.png","left","con",1,"medium","medium",4
"225","b3fa3944-f7df-4022-b95f-5ff3a7fc32b4","count","high complexity, low function","blicket","img/stim_hclf_b.png","right","con",1,"high","low",5
"226","673b42b0-a9ac-4095-9eca-f22b87f73601","mass","medium complexity, medium function","garn","img/stim_mcmf_b.png","left","ind",0,"medium","medium",1
"227","673b42b0-a9ac-4095-9eca-f22b87f73601","mass","low complexity, low function","sarel","img/stim_lclf_a.png","left","ind",0,"low","low",2
"228","673b42b0-a9ac-4095-9eca-f22b87f73601","mass","high complexity, low function","blicket","img/stim_hclf_b.png","right","ind",0,"high","low",3
"229","673b42b0-a9ac-4095-9eca-f22b87f73601","mass","low complexity, high function","toma","img/stim_lchf_a.png","right","con",1,"low","high",4
"230","673b42b0-a9ac-4095-9eca-f22b87f73601","mass","high complexity, high function","zorp","img/stim_hchf_a.png","left","ind",0,"high","high",5
"231","0798d5bd-cb9d-4b89-b7c4-151acf68e570","mass","low complexity, low function","blicket","img/stim_lclf_a.png","right","ind",0,"low","low",1
"232","0798d5bd-cb9d-4b89-b7c4-151acf68e570","mass","high complexity, low function","sarel","img/stim_hclf_b.png","right","con",1,"high","low",2
"233","0798d5bd-cb9d-4b89-b7c4-151acf68e570","mass","high complexity, high function","zorp","img/stim_hchf_a.png","left","ind",0,"high","high",3
"234","0798d5bd-cb9d-4b89-b7c4-151acf68e570","mass","low complexity, high function","toma","img/stim_lchf_a.png","left","con",1,"low","high",4
"235","0798d5bd-cb9d-4b89-b7c4-151acf68e570","mass","medium complexity, medium function","garn","img/stim_mcmf_a.png","left","con",1,"medium","medium",5
"236","8134294d-5296-4f38-9c1a-0dc206ea1b3f","mass","low complexity, high function","toma","img/stim_lchf_a.png","right","con",1,"low","high",1
"237","8134294d-5296-4f38-9c1a-0dc206ea1b3f","mass","high complexity, low function","sarel","img/stim_hclf_b.png","left","con",1,"high","low",2
"238","8134294d-5296-4f38-9c1a-0dc206ea1b3f","mass","high complexity, high function","garn","img/stim_hchf_a.png","left","con",1,"high","high",3
"239","8134294d-5296-4f38-9c1a-0dc206ea1b3f","mass","low complexity, low function","blicket","img/stim_lclf_b.png","right","con",1,"low","low",4
"240","8134294d-5296-4f38-9c1a-0dc206ea1b3f","mass","medium complexity, medium function","zorp","img/stim_mcmf_a.png","right","ind",0,"medium","medium",5
"241","2539a139-f397-4759-8464-a884a7694c8d","mass","high complexity, low function","sarel","img/stim_hclf_b.png","left","con",1,"high","low",1
"242","2539a139-f397-4759-8464-a884a7694c8d","mass","low complexity, low function","toma","img/stim_lclf_b.png","left","con",1,"low","low",2
"243","2539a139-f397-4759-8464-a884a7694c8d","mass","low complexity, high function","garn","img/stim_lchf_b.png","right","con",1,"low","high",3
"244","2539a139-f397-4759-8464-a884a7694c8d","mass","high complexity, high function","blicket","img/stim_hchf_b.png","left","con",1,"high","high",4
"245","2539a139-f397-4759-8464-a884a7694c8d","mass","medium complexity, medium function","zorp","img/stim_mcmf_a.png","left","con",1,"medium","medium",5
"246","ff99d6d7-ea39-40a2-a373-2dd639585610","mass","high complexity, high function","toma","img/stim_hchf_a.png","right","ind",0,"high","high",1
"247","ff99d6d7-ea39-40a2-a373-2dd639585610","mass","high complexity, low function","sarel","img/stim_hclf_b.png","left","ind",0,"high","low",2
"248","ff99d6d7-ea39-40a2-a373-2dd639585610","mass","medium complexity, medium function","blicket","img/stim_mcmf_a.png","left","ind",0,"medium","medium",3
"249","ff99d6d7-ea39-40a2-a373-2dd639585610","mass","low complexity, low function","zorp","img/stim_lclf_b.png","right","ind",0,"low","low",4
"250","ff99d6d7-ea39-40a2-a373-2dd639585610","mass","low complexity, high function","garn","img/stim_lchf_a.png","right","ind",0,"low","high",5
"251","953f6b10-086b-41c5-941a-9f62bf665046","mass","high complexity, high function","sarel","img/stim_hchf_b.png","right","con",1,"high","high",1
"252","953f6b10-086b-41c5-941a-9f62bf665046","mass","medium complexity, medium function","zorp","img/stim_mcmf_a.png","right","ind",0,"medium","medium",2
"253","953f6b10-086b-41c5-941a-9f62bf665046","mass","low complexity, high function","toma","img/stim_lchf_b.png","right","con",1,"low","high",3
"254","953f6b10-086b-41c5-941a-9f62bf665046","mass","low complexity, low function","garn","img/stim_lclf_b.png","left","con",1,"low","low",4
"255","953f6b10-086b-41c5-941a-9f62bf665046","mass","high complexity, low function","blicket","img/stim_hclf_a.png","right","ind",0,"high","low",5
"256","43263452-0889-4f07-ae85-a7f59f3062ec","mass","medium complexity, medium function","sarel","img/stim_mcmf_a.png","left","con",1,"medium","medium",1
"257","43263452-0889-4f07-ae85-a7f59f3062ec","mass","high complexity, high function","toma","img/stim_hchf_b.png","right","ind",0,"high","high",2
"258","43263452-0889-4f07-ae85-a7f59f3062ec","mass","low complexity, high function","blicket","img/stim_lchf_b.png","left","ind",0,"low","high",3
"259","43263452-0889-4f07-ae85-a7f59f3062ec","mass","low complexity, low function","garn","img/stim_lclf_a.png","right","con",1,"low","low",4
"260","43263452-0889-4f07-ae85-a7f59f3062ec","mass","high complexity, low function","zorp","img/stim_hclf_b.png","left","con",1,"high","low",5
"261","73a4cce6-b536-47a9-bf32-326eb62d19c3","mass","medium complexity, medium function","garn","img/stim_mcmf_b.png","left","ind",0,"medium","medium",1
"262","73a4cce6-b536-47a9-bf32-326eb62d19c3","mass","low complexity, high function","blicket","img/stim_lchf_a.png","right","con",1,"low","high",2
"263","73a4cce6-b536-47a9-bf32-326eb62d19c3","mass","high complexity, low function","zorp","img/stim_hclf_a.png","right","con",1,"high","low",3
"264","73a4cce6-b536-47a9-bf32-326eb62d19c3","mass","high complexity, high function","sarel","img/stim_hchf_a.png","left","ind",0,"high","high",4
"265","73a4cce6-b536-47a9-bf32-326eb62d19c3","mass","low complexity, low function","toma","img/stim_lclf_a.png","right","con",1,"low","low",5
"266","c7d0bbb2-c626-4bd9-bc22-a873fc21b3ce","mass","medium complexity, medium function","sarel","img/stim_mcmf_a.png","right","ind",0,"medium","medium",1
"267","c7d0bbb2-c626-4bd9-bc22-a873fc21b3ce","mass","high complexity, high function","zorp","img/stim_hchf_b.png","left","ind",0,"high","high",2
"268","c7d0bbb2-c626-4bd9-bc22-a873fc21b3ce","mass","high complexity, low function","blicket","img/stim_hclf_a.png","right","ind",0,"high","low",3
"269","c7d0bbb2-c626-4bd9-bc22-a873fc21b3ce","mass","low complexity, high function","garn","img/stim_lchf_b.png","right","ind",0,"low","high",4
"270","c7d0bbb2-c626-4bd9-bc22-a873fc21b3ce","mass","low complexity, low function","toma","img/stim_lclf_b.png","right","ind",0,"low","low",5
"271","09942e71-2d18-4501-80b9-89d2843b5921","mass","low complexity, low function","toma","img/stim_lclf_b.png","right","con",1,"low","low",1
"272","09942e71-2d18-4501-80b9-89d2843b5921","mass","low complexity, high function","blicket","img/stim_lchf_a.png","right","ind",0,"low","high",2
"273","09942e71-2d18-4501-80b9-89d2843b5921","mass","high complexity, high function","zorp","img/stim_hchf_b.png","right","ind",0,"high","high",3
"274","09942e71-2d18-4501-80b9-89d2843b5921","mass","medium complexity, medium function","garn","img/stim_mcmf_a.png","right","con",1,"medium","medium",4
"275","09942e71-2d18-4501-80b9-89d2843b5921","mass","high complexity, low function","sarel","img/stim_hclf_a.png","right","con",1,"high","low",5
"276","ff4801ac-4786-4f10-ab6a-923102d35f62","mass","low complexity, high function","toma","img/stim_lchf_a.png","left","ind",0,"low","high",1
"277","ff4801ac-4786-4f10-ab6a-923102d35f62","mass","high complexity, high function","garn","img/stim_hchf_b.png","left","con",1,"high","high",2
"278","ff4801ac-4786-4f10-ab6a-923102d35f62","mass","high complexity, low function","sarel","img/stim_hclf_b.png","right","con",1,"high","low",3
"279","ff4801ac-4786-4f10-ab6a-923102d35f62","mass","low complexity, low function","blicket","img/stim_lclf_b.png","right","ind",0,"low","low",4
"280","ff4801ac-4786-4f10-ab6a-923102d35f62","mass","medium complexity, medium function","zorp","img/stim_mcmf_a.png","left","ind",0,"medium","medium",5
"281","cdc16071-0734-46d0-84bb-7b24f034869a","mass","medium complexity, medium function","garn","img/stim_mcmf_b.png","left","con",1,"medium","medium",1
"282","cdc16071-0734-46d0-84bb-7b24f034869a","mass","high complexity, high function","blicket","img/stim_hchf_b.png","right","ind",0,"high","high",2
"283","cdc16071-0734-46d0-84bb-7b24f034869a","mass","low complexity, high function","sarel","img/stim_lchf_a.png","left","ind",0,"low","high",3
"284","cdc16071-0734-46d0-84bb-7b24f034869a","mass","high complexity, low function","toma","img/stim_hclf_b.png","left","ind",0,"high","low",4
"285","cdc16071-0734-46d0-84bb-7b24f034869a","mass","low complexity, low function","zorp","img/stim_lclf_a.png","right","ind",0,"low","low",5
"286","955e61bf-ff62-44ec-ae85-1a9a8157cd7b","mass","high complexity, low function","sarel","img/stim_hclf_a.png","left","ind",0,"high","low",1
"287","955e61bf-ff62-44ec-ae85-1a9a8157cd7b","mass","high complexity, high function","zorp","img/stim_hchf_b.png","right","ind",0,"high","high",2
"288","955e61bf-ff62-44ec-ae85-1a9a8157cd7b","mass","medium complexity, medium function","garn","img/stim_mcmf_b.png","left","ind",0,"medium","medium",3
"289","955e61bf-ff62-44ec-ae85-1a9a8157cd7b","mass","low complexity, high function","blicket","img/stim_lchf_b.png","right","con",1,"low","high",4
"290","955e61bf-ff62-44ec-ae85-1a9a8157cd7b","mass","low complexity, low function","toma","img/stim_lclf_a.png","left","ind",0,"low","low",5
"291","65e828a7-9a60-4efa-8aa1-4ff0166fc657","mass","low complexity, high function","blicket","img/stim_lchf_a.png","right","ind",0,"low","high",1
"292","65e828a7-9a60-4efa-8aa1-4ff0166fc657","mass","low complexity, low function","sarel","img/stim_lclf_b.png","left","ind",0,"low","low",2
"293","65e828a7-9a60-4efa-8aa1-4ff0166fc657","mass","medium complexity, medium function","zorp","img/stim_mcmf_a.png","left","con",1,"medium","medium",3
"294","65e828a7-9a60-4efa-8aa1-4ff0166fc657","mass","high complexity, low function","garn","img/stim_hclf_a.png","right","ind",0,"high","low",4
"295","65e828a7-9a60-4efa-8aa1-4ff0166fc657","mass","high complexity, high function","toma","img/stim_hchf_a.png","left","ind",0,"high","high",5
"296","60a496c2-7167-451e-a3cc-949475cd96e2","mass","low complexity, high function","garn","img/stim_lchf_b.png","left","con",1,"low","high",1
"297","60a496c2-7167-451e-a3cc-949475cd96e2","mass","low complexity, low function","blicket","img/stim_lclf_a.png","right","ind",0,"low","low",2
"298","60a496c2-7167-451e-a3cc-949475cd96e2","mass","medium complexity, medium function","zorp","img/stim_mcmf_b.png","right","con",1,"medium","medium",3
"299","60a496c2-7167-451e-a3cc-949475cd96e2","mass","high complexity, low function","sarel","img/stim_hclf_a.png","right","ind",0,"high","low",4
"300","60a496c2-7167-451e-a3cc-949475cd96e2","mass","high complexity, high function","toma","img/stim_hchf_a.png","right","con",1,"high","high",5
"301","9e26730d-5f55-4147-861e-40ed994df62b","mass","high complexity, high function","garn","img/stim_hchf_b.png","left","ind",0,"high","high",1
"302","9e26730d-5f55-4147-861e-40ed994df62b","mass","low complexity, high function","zorp","img/stim_lchf_b.png","right","con",1,"low","high",2
"303","9e26730d-5f55-4147-861e-40ed994df62b","mass","low complexity, low function","sarel","img/stim_lclf_b.png","left","con",1,"low","low",3
"304","9e26730d-5f55-4147-861e-40ed994df62b","mass","high complexity, low function","toma","img/stim_hclf_b.png","left","con",1,"high","low",4
"305","9e26730d-5f55-4147-861e-40ed994df62b","mass","medium complexity, medium function","blicket","img/stim_mcmf_b.png","left","con",1,"medium","medium",5
"306","a8df4734-a114-4af2-a2b3-3f6dbecd0b52","mass","medium complexity, medium function","zorp","img/stim_mcmf_a.png","right","con",1,"medium","medium",1
"307","a8df4734-a114-4af2-a2b3-3f6dbecd0b52","mass","high complexity, low function","blicket","img/stim_hclf_a.png","left","con",1,"high","low",2
"308","a8df4734-a114-4af2-a2b3-3f6dbecd0b52","mass","low complexity, low function","garn","img/stim_lclf_a.png","right","ind",0,"low","low",3
"309","a8df4734-a114-4af2-a2b3-3f6dbecd0b52","mass","high complexity, high function","sarel","img/stim_hchf_a.png","right","con",1,"high","high",4
"310","a8df4734-a114-4af2-a2b3-3f6dbecd0b52","mass","low complexity, high function","toma","img/stim_lchf_a.png","right","con",1,"low","high",5
"311","57a63a36-866a-469b-a2cb-df4e4c4a19c9","mass","low complexity, low function","garn","img/stim_lclf_a.png","left","ind",0,"low","low",1
"312","57a63a36-866a-469b-a2cb-df4e4c4a19c9","mass","high complexity, low function","toma","img/stim_hclf_a.png","left","con",1,"high","low",2
"313","57a63a36-866a-469b-a2cb-df4e4c4a19c9","mass","medium complexity, medium function","sarel","img/stim_mcmf_b.png","right","ind",0,"medium","medium",3
"314","57a63a36-866a-469b-a2cb-df4e4c4a19c9","mass","low complexity, high function","blicket","img/stim_lchf_a.png","right","con",1,"low","high",4
"315","57a63a36-866a-469b-a2cb-df4e4c4a19c9","mass","high complexity, high function","zorp","img/stim_hchf_a.png","left","con",1,"high","high",5
"316","dd22d4a1-a687-4791-9aee-8081c33c97d5","mass","high complexity, low function","sarel","img/stim_hclf_a.png","right","ind",0,"high","low",1
"317","dd22d4a1-a687-4791-9aee-8081c33c97d5","mass","low complexity, high function","toma","img/stim_lchf_a.png","right","ind",0,"low","high",2
"318","dd22d4a1-a687-4791-9aee-8081c33c97d5","mass","medium complexity, medium function","garn","img/stim_mcmf_b.png","left","con",1,"medium","medium",3
"319","dd22d4a1-a687-4791-9aee-8081c33c97d5","mass","high complexity, high function","blicket","img/stim_hchf_a.png","right","ind",0,"high","high",4
"320","dd22d4a1-a687-4791-9aee-8081c33c97d5","mass","low complexity, low function","zorp","img/stim_lclf_b.png","left","con",1,"low","low",5
"321","cc0cd547-11dc-4f14-aa40-2daff8ccfa0e","mass","high complexity, high function","zorp","img/stim_hchf_b.png","right","ind",0,"high","high",1
"322","cc0cd547-11dc-4f14-aa40-2daff8ccfa0e","mass","low complexity, high function","blicket","img/stim_lchf_b.png","left","ind",0,"low","high",2
"323","cc0cd547-11dc-4f14-aa40-2daff8ccfa0e","mass","medium complexity, medium function","toma","img/stim_mcmf_b.png","right","ind",0,"medium","medium",3
"324","cc0cd547-11dc-4f14-aa40-2daff8ccfa0e","mass","low complexity, low function","sarel","img/stim_lclf_a.png","right","ind",0,"low","low",4
"325","cc0cd547-11dc-4f14-aa40-2daff8ccfa0e","mass","high complexity, low function","garn","img/stim_hclf_b.png","left","ind",0,"high","low",5
"326","3683a82c-8f00-43e0-874d-5a823c6730b7","mass","low complexity, high function","garn","img/stim_lchf_a.png","left","con",1,"low","high",1
"327","3683a82c-8f00-43e0-874d-5a823c6730b7","mass","high complexity, high function","toma","img/stim_hchf_b.png","left","con",1,"high","high",2
"328","3683a82c-8f00-43e0-874d-5a823c6730b7","mass","high complexity, low function","blicket","img/stim_hclf_a.png","right","con",1,"high","low",3
"329","3683a82c-8f00-43e0-874d-5a823c6730b7","mass","low complexity, low function","zorp","img/stim_lclf_b.png","left","con",1,"low","low",4
"330","3683a82c-8f00-43e0-874d-5a823c6730b7","mass","medium complexity, medium function","sarel","img/stim_mcmf_a.png","right","ind",0,"medium","medium",5
"331","1d4ce8c5-39b2-4511-9432-e6dfc85b17bf","mass","high complexity, low function","blicket","img/stim_hclf_b.png","right","ind",0,"high","low",1
"332","1d4ce8c5-39b2-4511-9432-e6dfc85b17bf","mass","low complexity, high function","toma","img/stim_lchf_a.png","left","con",1,"low","high",2
"333","1d4ce8c5-39b2-4511-9432-e6dfc85b17bf","mass","high complexity, high function","sarel","img/stim_hchf_b.png","left","ind",0,"high","high",3
"334","1d4ce8c5-39b2-4511-9432-e6dfc85b17bf","mass","low complexity, low function","garn","img/stim_lclf_a.png","right","ind",0,"low","low",4
"335","1d4ce8c5-39b2-4511-9432-e6dfc85b17bf","mass","medium complexity, medium function","zorp","img/stim_mcmf_b.png","right","ind",0,"medium","medium",5
"336","6b4ef9a6-8b83-40a7-91be-da64c2c79ed5","mass","high complexity, low function","garn","img/stim_hclf_a.png","left","con",1,"high","low",1
"337","6b4ef9a6-8b83-40a7-91be-da64c2c79ed5","mass","low complexity, high function","blicket","img/stim_lchf_a.png","right","con",1,"low","high",2
"338","6b4ef9a6-8b83-40a7-91be-da64c2c79ed5","mass","medium complexity, medium function","sarel","img/stim_mcmf_a.png","left","ind",0,"medium","medium",3
"339","6b4ef9a6-8b83-40a7-91be-da64c2c79ed5","mass","low complexity, low function","toma","img/stim_lclf_b.png","right","ind",0,"low","low",4
"340","6b4ef9a6-8b83-40a7-91be-da64c2c79ed5","mass","high complexity, high function","zorp","img/stim_hchf_a.png","left","ind",0,"high","high",5
"341","d649e808-723f-4a56-a5c5-a74105989cb6","mass","low complexity, high function","blicket","img/stim_lchf_a.png","left","ind",0,"low","high",1
"342","d649e808-723f-4a56-a5c5-a74105989cb6","mass","low complexity, low function","sarel","img/stim_lclf_a.png","left","con",1,"low","low",2
"343","d649e808-723f-4a56-a5c5-a74105989cb6","mass","high complexity, low function","toma","img/stim_hclf_b.png","right","con",1,"high","low",3
"344","d649e808-723f-4a56-a5c5-a74105989cb6","mass","high complexity, high function","zorp","img/stim_hchf_b.png","left","con",1,"high","high",4
"345","d649e808-723f-4a56-a5c5-a74105989cb6","mass","medium complexity, medium function","garn","img/stim_mcmf_a.png","right","con",1,"medium","medium",5
"346","b7333405-32aa-4b29-946c-6b078d85fa8c","mass","high complexity, high function","toma","img/stim_hchf_b.png","right","ind",0,"high","high",1
"347","b7333405-32aa-4b29-946c-6b078d85fa8c","mass","low complexity, high function","sarel","img/stim_lchf_a.png","left","ind",0,"low","high",2
"348","b7333405-32aa-4b29-946c-6b078d85fa8c","mass","low complexity, low function","blicket","img/stim_lclf_a.png","left","con",1,"low","low",3
"349","b7333405-32aa-4b29-946c-6b078d85fa8c","mass","high complexity, low function","garn","img/stim_hclf_a.png","right","ind",0,"high","low",4
"350","b7333405-32aa-4b29-946c-6b078d85fa8c","mass","medium complexity, medium function","zorp","img/stim_mcmf_b.png","right","ind",0,"medium","medium",5
"351","ccaf35ef-9d81-4b0b-b1f7-9995ba21b051","mass","high complexity, low function","sarel","img/stim_hclf_a.png","right","ind",0,"high","low",1
"352","ccaf35ef-9d81-4b0b-b1f7-9995ba21b051","mass","medium complexity, medium function","toma","img/stim_mcmf_a.png","left","con",1,"medium","medium",2
"353","ccaf35ef-9d81-4b0b-b1f7-9995ba21b051","mass","low complexity, high function","garn","img/stim_lchf_b.png","left","con",1,"low","high",3
"354","ccaf35ef-9d81-4b0b-b1f7-9995ba21b051","mass","high complexity, high function","zorp","img/stim_hchf_b.png","left","con",1,"high","high",4
"355","ccaf35ef-9d81-4b0b-b1f7-9995ba21b051","mass","low complexity, low function","blicket","img/stim_lclf_a.png","right","ind",0,"low","low",5
"356","33fddb20-03a2-4b08-a900-adeab64c9ada","mass","low complexity, high function","zorp","img/stim_lchf_b.png","right","ind",0,"low","high",1
"357","33fddb20-03a2-4b08-a900-adeab64c9ada","mass","high complexity, low function","garn","img/stim_hclf_b.png","left","ind",0,"high","low",2
"358","33fddb20-03a2-4b08-a900-adeab64c9ada","mass","high complexity, high function","toma","img/stim_hchf_b.png","right","ind",0,"high","high",3
"359","33fddb20-03a2-4b08-a900-adeab64c9ada","mass","low complexity, low function","sarel","img/stim_lclf_a.png","left","ind",0,"low","low",4
"360","33fddb20-03a2-4b08-a900-adeab64c9ada","mass","medium complexity, medium function","blicket","img/stim_mcmf_a.png","right","ind",0,"medium","medium",5
"361","5a898b11-4ef2-4c6c-b468-3ae8799f4be8","mass","high complexity, high function","garn","img/stim_hchf_a.png","right","ind",0,"high","high",1
"362","5a898b11-4ef2-4c6c-b468-3ae8799f4be8","mass","low complexity, low function","sarel","img/stim_lclf_a.png","left","ind",0,"low","low",2
"363","5a898b11-4ef2-4c6c-b468-3ae8799f4be8","mass","high complexity, low function","zorp","img/stim_hclf_a.png","right","con",1,"high","low",3
"364","5a898b11-4ef2-4c6c-b468-3ae8799f4be8","mass","low complexity, high function","blicket","img/stim_lchf_a.png","right","ind",0,"low","high",4
"365","5a898b11-4ef2-4c6c-b468-3ae8799f4be8","mass","medium complexity, medium function","toma","img/stim_mcmf_b.png","left","con",1,"medium","medium",5
"366","3103a941-4937-4dde-b272-d5c9de5a1112","mass","high complexity, low function","toma","img/stim_hclf_b.png","left","ind",0,"high","low",1
"367","3103a941-4937-4dde-b272-d5c9de5a1112","mass","high complexity, high function","blicket","img/stim_hchf_b.png","left","con",1,"high","high",2
"368","3103a941-4937-4dde-b272-d5c9de5a1112","mass","medium complexity, medium function","garn","img/stim_mcmf_b.png","right","con",1,"medium","medium",3
"369","3103a941-4937-4dde-b272-d5c9de5a1112","mass","low complexity, low function","zorp","img/stim_lclf_a.png","left","ind",0,"low","low",4
"370","3103a941-4937-4dde-b272-d5c9de5a1112","mass","low complexity, high function","sarel","img/stim_lchf_b.png","left","con",1,"low","high",5
"371","1e996bb1-3e5f-4ba6-9ac3-aaf4a550fe4b","mass","low complexity, low function","zorp","img/stim_lclf_a.png","right","con",1,"low","low",1
"372","1e996bb1-3e5f-4ba6-9ac3-aaf4a550fe4b","mass","low complexity, high function","toma","img/stim_lchf_a.png","left","ind",0,"low","high",2
"373","1e996bb1-3e5f-4ba6-9ac3-aaf4a550fe4b","mass","medium complexity, medium function","garn","img/stim_mcmf_b.png","right","ind",0,"medium","medium",3
"374","1e996bb1-3e5f-4ba6-9ac3-aaf4a550fe4b","mass","high complexity, low function","sarel","img/stim_hclf_a.png","left","ind",0,"high","low",4
"375","1e996bb1-3e5f-4ba6-9ac3-aaf4a550fe4b","mass","high complexity, high function","blicket","img/stim_hchf_a.png","right","ind",0,"high","high",5
"376","4571b5fc-9b4b-4067-9794-ac9fc6dc2a69","mass","low complexity, low function","zorp","img/stim_lclf_b.png","left","ind",0,"low","low",1
"377","4571b5fc-9b4b-4067-9794-ac9fc6dc2a69","mass","high complexity, low function","sarel","img/stim_hclf_b.png","left","con",1,"high","low",2
"378","4571b5fc-9b4b-4067-9794-ac9fc6dc2a69","mass","low complexity, high function","toma","img/stim_lchf_b.png","right","ind",0,"low","high",3
"379","4571b5fc-9b4b-4067-9794-ac9fc6dc2a69","mass","high complexity, high function","garn","img/stim_hchf_b.png","right","con",1,"high","high",4
"380","4571b5fc-9b4b-4067-9794-ac9fc6dc2a69","mass","medium complexity, medium function","blicket","img/stim_mcmf_b.png","left","con",1,"medium","medium",5
"381","2727bfea-1f05-4a35-9df4-27713e4abe4d","mass","low complexity, high function","zorp","img/stim_lchf_b.png","right","ind",0,"low","high",1
"382","2727bfea-1f05-4a35-9df4-27713e4abe4d","mass","low complexity, low function","blicket","img/stim_lclf_a.png","right","ind",0,"low","low",2
"383","2727bfea-1f05-4a35-9df4-27713e4abe4d","mass","high complexity, low function","garn","img/stim_hclf_a.png","left","ind",0,"high","low",3
"384","2727bfea-1f05-4a35-9df4-27713e4abe4d","mass","medium complexity, medium function","toma","img/stim_mcmf_b.png","left","ind",0,"medium","medium",4
"385","2727bfea-1f05-4a35-9df4-27713e4abe4d","mass","high complexity, high function","sarel","img/stim_hchf_b.png","left","ind",0,"high","high",5
"386","e7d3d03a-2ff3-47f9-8b85-95b91be350bf","mass","low complexity, low function","blicket","img/stim_lclf_b.png","left","con",1,"low","low",1
"387","e7d3d03a-2ff3-47f9-8b85-95b91be350bf","mass","high complexity, low function","sarel","img/stim_hclf_b.png","left","con",1,"high","low",2
"388","e7d3d03a-2ff3-47f9-8b85-95b91be350bf","mass","low complexity, high function","zorp","img/stim_lchf_a.png","right","ind",0,"low","high",3
"389","e7d3d03a-2ff3-47f9-8b85-95b91be350bf","mass","medium complexity, medium function","garn","img/stim_mcmf_a.png","left","con",1,"medium","medium",4
"390","e7d3d03a-2ff3-47f9-8b85-95b91be350bf","mass","high complexity, high function","toma","img/stim_hchf_b.png","right","ind",0,"high","high",5
"391","32730bb0-0ca0-4826-9e54-1aebfad34bd3","mass","high complexity, low function","zorp","img/stim_hclf_b.png","right","ind",0,"high","low",1
"392","32730bb0-0ca0-4826-9e54-1aebfad34bd3","mass","low complexity, low function","blicket","img/stim_lclf_b.png","left","ind",0,"low","low",2
"393","32730bb0-0ca0-4826-9e54-1aebfad34bd3","mass","low complexity, high function","garn","img/stim_lchf_a.png","right","con",1,"low","high",3
"394","32730bb0-0ca0-4826-9e54-1aebfad34bd3","mass","high complexity, high function","sarel","img/stim_hchf_a.png","left","ind",0,"high","high",4
"395","32730bb0-0ca0-4826-9e54-1aebfad34bd3","mass","medium complexity, medium function","toma","img/stim_mcmf_b.png","left","ind",0,"medium","medium",5
"396","8e904a79-d0a0-4247-997a-accef22aad36","mass","high complexity, high function","toma","img/stim_hchf_a.png","right","ind",0,"high","high",1
"397","8e904a79-d0a0-4247-997a-accef22aad36","mass","medium complexity, medium function","zorp","img/stim_mcmf_a.png","left","con",1,"medium","medium",2
"398","8e904a79-d0a0-4247-997a-accef22aad36","mass","low complexity, high function","garn","img/stim_lchf_b.png","right","ind",0,"low","high",3
"399","8e904a79-d0a0-4247-997a-accef22aad36","mass","low complexity, low function","blicket","img/stim_lclf_b.png","right","con",1,"low","low",4
"400","8e904a79-d0a0-4247-997a-accef22aad36","mass","high complexity, low function","sarel","img/stim_hclf_b.png","right","ind",0,"high","low",5
"401","da1aa6ba-9eba-43ce-8e18-be6fb7fcd3e8","mass","low complexity, high function","zorp","img/stim_lchf_a.png","left","con",1,"low","high",1
"402","da1aa6ba-9eba-43ce-8e18-be6fb7fcd3e8","mass","low complexity, low function","toma","img/stim_lclf_b.png","left","con",1,"low","low",2
"403","da1aa6ba-9eba-43ce-8e18-be6fb7fcd3e8","mass","high complexity, low function","garn","img/stim_hclf_a.png","right","con",1,"high","low",3
"404","da1aa6ba-9eba-43ce-8e18-be6fb7fcd3e8","mass","high complexity, high function","blicket","img/stim_hchf_b.png","right","ind",0,"high","high",4
"405","da1aa6ba-9eba-43ce-8e18-be6fb7fcd3e8","mass","medium complexity, medium function","sarel","img/stim_mcmf_b.png","left","ind",0,"medium","medium",5
"406","6d593ca7-e548-4402-9dd7-dcf8b6493f84","mass","medium complexity, medium function","blicket","img/stim_mcmf_a.png","right","ind",0,"medium","medium",1
"407","6d593ca7-e548-4402-9dd7-dcf8b6493f84","mass","high complexity, high function","zorp","img/stim_hchf_b.png","right","ind",0,"high","high",2
"408","6d593ca7-e548-4402-9dd7-dcf8b6493f84","mass","low complexity, low function","toma","img/stim_lclf_a.png","left","ind",0,"low","low",3
"409","6d593ca7-e548-4402-9dd7-dcf8b6493f84","mass","high complexity, low function","garn","img/stim_hclf_a.png","left","ind",0,"high","low",4
"410","6d593ca7-e548-4402-9dd7-dcf8b6493f84","mass","low complexity, high function","sarel","img/stim_lchf_b.png","left","ind",0,"low","high",5
"411","481717c3-2318-4d5f-a578-18024ecbcbee","mass","high complexity, low function","zorp","img/stim_hclf_b.png","right","ind",0,"high","low",1
"412","481717c3-2318-4d5f-a578-18024ecbcbee","mass","high complexity, high function","toma","img/stim_hchf_b.png","right","con",1,"high","high",2
"413","481717c3-2318-4d5f-a578-18024ecbcbee","mass","low complexity, low function","blicket","img/stim_lclf_a.png","left","con",1,"low","low",3
"414","481717c3-2318-4d5f-a578-18024ecbcbee","mass","low complexity, high function","garn","img/stim_lchf_a.png","left","con",1,"low","high",4
"415","481717c3-2318-4d5f-a578-18024ecbcbee","mass","medium complexity, medium function","sarel","img/stim_mcmf_a.png","right","ind",0,"medium","medium",5
"416","0de297d8-ae71-4fb8-8221-f48a3dda4bb0","mass","low complexity, high function","toma","img/stim_lchf_b.png","left","ind",0,"low","high",1
"417","0de297d8-ae71-4fb8-8221-f48a3dda4bb0","mass","medium complexity, medium function","blicket","img/stim_mcmf_b.png","left","con",1,"medium","medium",2
"418","0de297d8-ae71-4fb8-8221-f48a3dda4bb0","mass","high complexity, high function","sarel","img/stim_hchf_b.png","right","con",1,"high","high",3
"419","0de297d8-ae71-4fb8-8221-f48a3dda4bb0","mass","low complexity, low function","garn","img/stim_lclf_a.png","left","con",1,"low","low",4
"420","0de297d8-ae71-4fb8-8221-f48a3dda4bb0","mass","high complexity, low function","zorp","img/stim_hclf_b.png","right","ind",0,"high","low",5
"421","55ab84e3-99db-45e4-934a-5fa56d1e1581","mass","low complexity, low function","garn","img/stim_lclf_a.png","right","ind",0,"low","low",1
"422","55ab84e3-99db-45e4-934a-5fa56d1e1581","mass","high complexity, low function","toma","img/stim_hclf_b.png","left","ind",0,"high","low",2
"423","55ab84e3-99db-45e4-934a-5fa56d1e1581","mass","low complexity, high function","zorp","img/stim_lchf_a.png","right","ind",0,"low","high",3
"424","55ab84e3-99db-45e4-934a-5fa56d1e1581","mass","high complexity, high function","sarel","img/stim_hchf_b.png","left","con",1,"high","high",4
"425","55ab84e3-99db-45e4-934a-5fa56d1e1581","mass","medium complexity, medium function","blicket","img/stim_mcmf_a.png","right","ind",0,"medium","medium",5
"426","cc56c5f0-9c4f-451d-8376-3d340332fdb4","mass","medium complexity, medium function","blicket","img/stim_mcmf_a.png","right","ind",0,"medium","medium",1
"427","cc56c5f0-9c4f-451d-8376-3d340332fdb4","mass","high complexity, high function","zorp","img/stim_hchf_b.png","left","ind",0,"high","high",2
"428","cc56c5f0-9c4f-451d-8376-3d340332fdb4","mass","high complexity, low function","sarel","img/stim_hclf_b.png","left","ind",0,"high","low",3
"429","cc56c5f0-9c4f-451d-8376-3d340332fdb4","mass","low complexity, low function","toma","img/stim_lclf_b.png","right","con",1,"low","low",4
"430","cc56c5f0-9c4f-451d-8376-3d340332fdb4","mass","low complexity, high function","garn","img/stim_lchf_a.png","left","ind",0,"low","high",5
"431","e8f9273f-9b27-4b2f-8666-4bb967f19b1b","mass","high complexity, low function","blicket","img/stim_hclf_b.png","left","ind",0,"high","low",1
"432","e8f9273f-9b27-4b2f-8666-4bb967f19b1b","mass","low complexity, low function","zorp","img/stim_lclf_b.png","left","con",1,"low","low",2
"433","e8f9273f-9b27-4b2f-8666-4bb967f19b1b","mass","high complexity, high function","sarel","img/stim_hchf_b.png","right","con",1,"high","high",3
"434","e8f9273f-9b27-4b2f-8666-4bb967f19b1b","mass","medium complexity, medium function","garn","img/stim_mcmf_b.png","left","con",1,"medium","medium",4
"435","e8f9273f-9b27-4b2f-8666-4bb967f19b1b","mass","low complexity, high function","toma","img/stim_lchf_b.png","left","con",1,"low","high",5
"436","b75ef09e-ab6d-4bf2-9ff9-028c3570dd02","mass","low complexity, low function","sarel","img/stim_lclf_b.png","right","ind",0,"low","low",1
"437","b75ef09e-ab6d-4bf2-9ff9-028c3570dd02","mass","low complexity, high function","blicket","img/stim_lchf_a.png","left","con",1,"low","high",2
"438","b75ef09e-ab6d-4bf2-9ff9-028c3570dd02","mass","high complexity, high function","toma","img/stim_hchf_a.png","right","con",1,"high","high",3
"439","b75ef09e-ab6d-4bf2-9ff9-028c3570dd02","mass","high complexity, low function","zorp","img/stim_hclf_b.png","left","ind",0,"high","low",4
"440","b75ef09e-ab6d-4bf2-9ff9-028c3570dd02","mass","medium complexity, medium function","garn","img/stim_mcmf_a.png","left","con",1,"medium","medium",5
"441","db699ef1-80fe-4a88-81a0-490f2087c4b8","mass","medium complexity, medium function","zorp","img/stim_mcmf_b.png","right","ind",0,"medium","medium",1
"442","db699ef1-80fe-4a88-81a0-490f2087c4b8","mass","high complexity, high function","blicket","img/stim_hchf_b.png","right","ind",0,"high","high",2
"443","db699ef1-80fe-4a88-81a0-490f2087c4b8","mass","high complexity, low function","toma","img/stim_hclf_a.png","left","ind",0,"high","low",3
"444","db699ef1-80fe-4a88-81a0-490f2087c4b8","mass","low complexity, low function","garn","img/stim_lclf_a.png","left","ind",0,"low","low",4
"445","db699ef1-80fe-4a88-81a0-490f2087c4b8","mass","low complexity, high function","sarel","img/stim_lchf_a.png","left","ind",0,"low","high",5
"446","f480d437-a0cc-44c6-8201-f9e036aae8dc","mass","low complexity, low function","zorp","img/stim_lclf_a.png","left","con",1,"low","low",1
"447","f480d437-a0cc-44c6-8201-f9e036aae8dc","mass","low complexity, high function","sarel","img/stim_lchf_b.png","right","con",1,"low","high",2
"448","f480d437-a0cc-44c6-8201-f9e036aae8dc","mass","high complexity, low function","toma","img/stim_hclf_b.png","right","con",1,"high","low",3
"449","f480d437-a0cc-44c6-8201-f9e036aae8dc","mass","high complexity, high function","blicket","img/stim_hchf_a.png","left","con",1,"high","high",4
"450","f480d437-a0cc-44c6-8201-f9e036aae8dc","mass","medium complexity, medium function","garn","img/stim_mcmf_b.png","left","con",1,"medium","medium",5
"451","01552b63-739c-42c7-b60b-30cda67e4a7a","mass","high complexity, low function","zorp","img/stim_hclf_b.png","left","ind",0,"high","low",1
"452","01552b63-739c-42c7-b60b-30cda67e4a7a","mass","low complexity, low function","garn","img/stim_lclf_a.png","right","ind",0,"low","low",2
"453","01552b63-739c-42c7-b60b-30cda67e4a7a","mass","medium complexity, medium function","toma","img/stim_mcmf_a.png","right","con",1,"medium","medium",3
"454","01552b63-739c-42c7-b60b-30cda67e4a7a","mass","high complexity, high function","blicket","img/stim_hchf_b.png","right","con",1,"high","high",4
"455","01552b63-739c-42c7-b60b-30cda67e4a7a","mass","low complexity, high function","sarel","img/stim_lchf_b.png","left","con",1,"low","high",5
"456","26513fc8-0c37-4c57-8bfa-23d4c64a944d","mass","high complexity, low function","sarel","img/stim_hclf_a.png","right","ind",0,"high","low",1
"457","26513fc8-0c37-4c57-8bfa-23d4c64a944d","mass","high complexity, high function","garn","img/stim_hchf_b.png","right","ind",0,"high","high",2
"458","26513fc8-0c37-4c57-8bfa-23d4c64a944d","mass","low complexity, low function","blicket","img/stim_lclf_b.png","left","ind",0,"low","low",3
"459","26513fc8-0c37-4c57-8bfa-23d4c64a944d","mass","low complexity, high function","zorp","img/stim_lchf_a.png","right","con",1,"low","high",4
"460","26513fc8-0c37-4c57-8bfa-23d4c64a944d","mass","medium complexity, medium function","toma","img/stim_mcmf_b.png","left","con",1,"medium","medium",5
"461","efadce88-dd5f-4110-b2c4-44cd0d78625e","mass","medium complexity, medium function","garn","img/stim_mcmf_a.png","right","ind",0,"medium","medium",1
"462","efadce88-dd5f-4110-b2c4-44cd0d78625e","mass","high complexity, high function","zorp","img/stim_hchf_b.png","left","ind",0,"high","high",2
"463","efadce88-dd5f-4110-b2c4-44cd0d78625e","mass","low complexity, high function","sarel","img/stim_lchf_a.png","left","con",1,"low","high",3
"464","efadce88-dd5f-4110-b2c4-44cd0d78625e","mass","low complexity, low function","blicket","img/stim_lclf_b.png","left","ind",0,"low","low",4
"465","efadce88-dd5f-4110-b2c4-44cd0d78625e","mass","high complexity, low function","toma","img/stim_hclf_a.png","right","con",1,"high","low",5
"466","3fdbc9ac-2368-4505-b604-146357eb5b81","mass","medium complexity, medium function","blicket","img/stim_mcmf_b.png","left","con",1,"medium","medium",1
"467","3fdbc9ac-2368-4505-b604-146357eb5b81","mass","high complexity, high function","garn","img/stim_hchf_a.png","right","con",1,"high","high",2
"468","3fdbc9ac-2368-4505-b604-146357eb5b81","mass","high complexity, low function","sarel","img/stim_hclf_b.png","left","con",1,"high","low",3
"469","3fdbc9ac-2368-4505-b604-146357eb5b81","mass","low complexity, high function","toma","img/stim_lchf_a.png","left","ind",0,"low","high",4
"470","3fdbc9ac-2368-4505-b604-146357eb5b81","mass","low complexity, low function","zorp","img/stim_lclf_a.png","right","ind",0,"low","low",5
"471","1e849435-6c5e-4696-9b12-d2b0ce3293bd","mass","low complexity, high function","blicket","img/stim_lchf_b.png","left","ind",0,"low","high",1
"472","1e849435-6c5e-4696-9b12-d2b0ce3293bd","mass","high complexity, low function","garn","img/stim_hclf_a.png","right","con",1,"high","low",2
"473","1e849435-6c5e-4696-9b12-d2b0ce3293bd","mass","low complexity, low function","toma","img/stim_lclf_b.png","left","con",1,"low","low",3
"474","1e849435-6c5e-4696-9b12-d2b0ce3293bd","mass","medium complexity, medium function","zorp","img/stim_mcmf_b.png","left","ind",0,"medium","medium",4
"475","1e849435-6c5e-4696-9b12-d2b0ce3293bd","mass","high complexity, high function","sarel","img/stim_hchf_b.png","right","ind",0,"high","high",5
"476","ba66fc5d-7157-4d97-a791-6e0793697236","mass","low complexity, high function","blicket","img/stim_lchf_a.png","left","ind",0,"low","high",1
"477","ba66fc5d-7157-4d97-a791-6e0793697236","mass","high complexity, high function","sarel","img/stim_hchf_a.png","right","con",1,"high","high",2
"478","ba66fc5d-7157-4d97-a791-6e0793697236","mass","medium complexity, medium function","zorp","img/stim_mcmf_a.png","right","ind",0,"medium","medium",3
"479","ba66fc5d-7157-4d97-a791-6e0793697236","mass","high complexity, low function","toma","img/stim_hclf_a.png","right","con",1,"high","low",4
"480","ba66fc5d-7157-4d97-a791-6e0793697236","mass","low complexity, low function","garn","img/stim_lclf_a.png","right","con",1,"low","low",5
"481","9e542137-266b-42ce-add7-6c8711dcd7c4","mass","low complexity, low function","sarel","img/stim_lclf_a.png","left","con",1,"low","low",1
"482","9e542137-266b-42ce-add7-6c8711dcd7c4","mass","high complexity, high function","blicket","img/stim_hchf_a.png","right","con",1,"high","high",2
"483","9e542137-266b-42ce-add7-6c8711dcd7c4","mass","low complexity, high function","zorp","img/stim_lchf_a.png","left","con",1,"low","high",3
"484","9e542137-266b-42ce-add7-6c8711dcd7c4","mass","high complexity, low function","toma","img/stim_hclf_b.png","left","con",1,"high","low",4
"485","9e542137-266b-42ce-add7-6c8711dcd7c4","mass","medium complexity, medium function","garn","img/stim_mcmf_b.png","right","con",1,"medium","medium",5
"486","19051ec3-fca9-46f0-9d9b-0401281e15b1","mass","low complexity, high function","toma","img/stim_lchf_a.png","right","ind",0,"low","high",1
"487","19051ec3-fca9-46f0-9d9b-0401281e15b1","mass","medium complexity, medium function","zorp","img/stim_mcmf_b.png","left","con",1,"medium","medium",2
"488","19051ec3-fca9-46f0-9d9b-0401281e15b1","mass","high complexity, high function","blicket","img/stim_hchf_a.png","right","ind",0,"high","high",3
"489","19051ec3-fca9-46f0-9d9b-0401281e15b1","mass","low complexity, low function","garn","img/stim_lclf_b.png","right","con",1,"low","low",4
"490","19051ec3-fca9-46f0-9d9b-0401281e15b1","mass","high complexity, low function","sarel","img/stim_hclf_b.png","left","con",1,"high","low",5
"491","f241fdf7-9ca0-4d03-951e-fc4a4f1af7bc","mass","high complexity, high function","garn","img/stim_hchf_a.png","left","ind",0,"high","high",1
"492","f241fdf7-9ca0-4d03-951e-fc4a4f1af7bc","mass","low complexity, high function","toma","img/stim_lchf_b.png","right","con",1,"low","high",2
"493","f241fdf7-9ca0-4d03-951e-fc4a4f1af7bc","mass","high complexity, low function","sarel","img/stim_hclf_a.png","left","ind",0,"high","low",3
"494","f241fdf7-9ca0-4d03-951e-fc4a4f1af7bc","mass","low complexity, low function","zorp","img/stim_lclf_a.png","right","ind",0,"low","low",4
"495","f241fdf7-9ca0-4d03-951e-fc4a4f1af7bc","mass","medium complexity, medium function","blicket","img/stim_mcmf_b.png","left","con",1,"medium","medium",5
"496","bcb82631-f730-498b-ac1d-1192351e024a","mass","low complexity, low function","sarel","img/stim_lclf_a.png","left","ind",0,"low","low",1
"497","bcb82631-f730-498b-ac1d-1192351e024a","mass","high complexity, low function","zorp","img/stim_hclf_b.png","right","ind",0,"high","low",2
"498","bcb82631-f730-498b-ac1d-1192351e024a","mass","medium complexity, medium function","garn","img/stim_mcmf_a.png","right","ind",0,"medium","medium",3
"499","bcb82631-f730-498b-ac1d-1192351e024a","mass","high complexity, high function","toma","img/stim_hchf_a.png","left","ind",0,"high","high",4
"500","bcb82631-f730-498b-ac1d-1192351e024a","mass","low complexity, high function","blicket","img/stim_lchf_b.png","left","ind",0,"low","high",5
"501","a8696565-e9be-4f7c-bc3c-b4bc19f92edd","mass","high complexity, low function","sarel","img/stim_hclf_a.png","right","ind",0,"high","low",1
"502","a8696565-e9be-4f7c-bc3c-b4bc19f92edd","mass","low complexity, high function","toma","img/stim_lchf_b.png","right","ind",0,"low","high",2
"503","a8696565-e9be-4f7c-bc3c-b4bc19f92edd","mass","medium complexity, medium function","garn","img/stim_mcmf_a.png","left","con",1,"medium","medium",3
"504","a8696565-e9be-4f7c-bc3c-b4bc19f92edd","mass","low complexity, low function","blicket","img/stim_lclf_b.png","right","ind",0,"low","low",4
"505","a8696565-e9be-4f7c-bc3c-b4bc19f92edd","mass","high complexity, high function","zorp","img/stim_hchf_b.png","right","ind",0,"high","high",5
"506","7cb91a78-bcc6-411a-aef0-414ca13d01b0","mass","medium complexity, medium function","blicket","img/stim_mcmf_a.png","left","ind",0,"medium","medium",1
"507","7cb91a78-bcc6-411a-aef0-414ca13d01b0","mass","low complexity, low function","toma","img/stim_lclf_b.png","right","con",1,"low","low",2
"508","7cb91a78-bcc6-411a-aef0-414ca13d01b0","mass","high complexity, low function","zorp","img/stim_hclf_b.png","right","ind",0,"high","low",3
"509","7cb91a78-bcc6-411a-aef0-414ca13d01b0","mass","low complexity, high function","garn","img/stim_lchf_a.png","right","con",1,"low","high",4
"510","7cb91a78-bcc6-411a-aef0-414ca13d01b0","mass","high complexity, high function","sarel","img/stim_hchf_a.png","left","ind",0,"high","high",5
"511","681a594d-402b-4bed-a6f4-86b759f6709c","mass","low complexity, low function","zorp","img/stim_lclf_b.png","right","ind",0,"low","low",1
"512","681a594d-402b-4bed-a6f4-86b759f6709c","mass","high complexity, low function","garn","img/stim_hclf_a.png","left","con",1,"high","low",2
"513","681a594d-402b-4bed-a6f4-86b759f6709c","mass","high complexity, high function","toma","img/stim_hchf_b.png","right","ind",0,"high","high",3
"514","681a594d-402b-4bed-a6f4-86b759f6709c","mass","low complexity, high function","sarel","img/stim_lchf_b.png","right","con",1,"low","high",4
"515","681a594d-402b-4bed-a6f4-86b759f6709c","mass","medium complexity, medium function","blicket","img/stim_mcmf_b.png","left","con",1,"medium","medium",5
"516","8e2740f7-7643-4eb9-9d62-1045af311510","mass","low complexity, low function","zorp","img/stim_lclf_a.png","left","ind",0,"low","low",1
"517","8e2740f7-7643-4eb9-9d62-1045af311510","mass","high complexity, low function","blicket","img/stim_hclf_b.png","left","ind",0,"high","low",2
"518","8e2740f7-7643-4eb9-9d62-1045af311510","mass","high complexity, high function","garn","img/stim_hchf_a.png","left","ind",0,"high","high",3
"519","8e2740f7-7643-4eb9-9d62-1045af311510","mass","medium complexity, medium function","sarel","img/stim_mcmf_a.png","left","ind",0,"medium","medium",4
"520","8e2740f7-7643-4eb9-9d62-1045af311510","mass","low complexity, high function","toma","img/stim_lchf_a.png","left","ind",0,"low","high",5
"521","8925eb36-d38a-4f80-947e-44633043dac6","mass","low complexity, low function","garn","img/stim_lclf_a.png","right","con",1,"low","low",1
"522","8925eb36-d38a-4f80-947e-44633043dac6","mass","high complexity, low function","sarel","img/stim_hclf_a.png","left","con",1,"high","low",2
"523","8925eb36-d38a-4f80-947e-44633043dac6","mass","low complexity, high function","zorp","img/stim_lchf_b.png","right","ind",0,"low","high",3
"524","8925eb36-d38a-4f80-947e-44633043dac6","mass","medium complexity, medium function","blicket","img/stim_mcmf_a.png","left","con",1,"medium","medium",4
"525","8925eb36-d38a-4f80-947e-44633043dac6","mass","high complexity, high function","toma","img/stim_hchf_b.png","left","ind",0,"high","high",5
"526","851eea7c-80e4-4bd2-97d0-f5bddbea3c43","mass","high complexity, high function","zorp","img/stim_hchf_b.png","left","con",1,"high","high",1
"527","851eea7c-80e4-4bd2-97d0-f5bddbea3c43","mass","low complexity, high function","toma","img/stim_lchf_b.png","right","ind",0,"low","high",2
"528","851eea7c-80e4-4bd2-97d0-f5bddbea3c43","mass","high complexity, low function","sarel","img/stim_hclf_a.png","right","ind",0,"high","low",3
"529","851eea7c-80e4-4bd2-97d0-f5bddbea3c43","mass","low complexity, low function","garn","img/stim_lclf_a.png","right","ind",0,"low","low",4
"530","851eea7c-80e4-4bd2-97d0-f5bddbea3c43","mass","medium complexity, medium function","blicket","img/stim_mcmf_a.png","left","con",1,"medium","medium",5
"531","6c97fb8c-59e1-478d-a54f-c278bc835d65","mass","medium complexity, medium function","garn","img/stim_mcmf_b.png","right","ind",0,"medium","medium",1
"532","6c97fb8c-59e1-478d-a54f-c278bc835d65","mass","high complexity, low function","toma","img/stim_hclf_b.png","right","ind",0,"high","low",2
"533","6c97fb8c-59e1-478d-a54f-c278bc835d65","mass","low complexity, low function","sarel","img/stim_lclf_a.png","left","ind",0,"low","low",3
"534","6c97fb8c-59e1-478d-a54f-c278bc835d65","mass","low complexity, high function","zorp","img/stim_lchf_b.png","right","ind",0,"low","high",4
"535","6c97fb8c-59e1-478d-a54f-c278bc835d65","mass","high complexity, high function","blicket","img/stim_hchf_b.png","right","ind",0,"high","high",5
"536","3cfa1e72-1503-482b-a08b-6c1eda7d2b8c","mass","high complexity, low function","garn","img/stim_hclf_a.png","right","con",1,"high","low",1
"537","3cfa1e72-1503-482b-a08b-6c1eda7d2b8c","mass","low complexity, high function","blicket","img/stim_lchf_b.png","left","ind",0,"low","high",2
"538","3cfa1e72-1503-482b-a08b-6c1eda7d2b8c","mass","high complexity, high function","sarel","img/stim_hchf_b.png","right","con",1,"high","high",3
"539","3cfa1e72-1503-482b-a08b-6c1eda7d2b8c","mass","low complexity, low function","zorp","img/stim_lclf_b.png","left","ind",0,"low","low",4
"540","3cfa1e72-1503-482b-a08b-6c1eda7d2b8c","mass","medium complexity, medium function","toma","img/stim_mcmf_a.png","left","ind",0,"medium","medium",5
"541","a012ab05-3fff-4ac2-993e-6681d2d1c5bc","mass","medium complexity, medium function","toma","img/stim_mcmf_b.png","right","ind",0,"medium","medium",1
"542","a012ab05-3fff-4ac2-993e-6681d2d1c5bc","mass","low complexity, high function","zorp","img/stim_lchf_a.png","left","ind",0,"low","high",2
"543","a012ab05-3fff-4ac2-993e-6681d2d1c5bc","mass","low complexity, low function","blicket","img/stim_lclf_a.png","left","ind",0,"low","low",3
"544","a012ab05-3fff-4ac2-993e-6681d2d1c5bc","mass","high complexity, high function","garn","img/stim_hchf_a.png","left","ind",0,"high","high",4
"545","a012ab05-3fff-4ac2-993e-6681d2d1c5bc","mass","high complexity, low function","sarel","img/stim_hclf_b.png","left","ind",0,"high","low",5
"546","a34c2046-ec7c-456b-ad17-302d66667691","mass","high complexity, low function","garn","img/stim_hclf_a.png","right","con",1,"high","low",1
"547","a34c2046-ec7c-456b-ad17-302d66667691","mass","high complexity, high function","toma","img/stim_hchf_b.png","left","con",1,"high","high",2
"548","a34c2046-ec7c-456b-ad17-302d66667691","mass","medium complexity, medium function","blicket","img/stim_mcmf_b.png","right","con",1,"medium","medium",3
"549","a34c2046-ec7c-456b-ad17-302d66667691","mass","low complexity, low function","zorp","img/stim_lclf_a.png","right","ind",0,"low","low",4
"550","a34c2046-ec7c-456b-ad17-302d66667691","mass","low complexity, high function","sarel","img/stim_lchf_b.png","right","con",1,"low","high",5
