"subject_id","condition","category","label","selected_group","selected_group_location","selected_group_semantics","selected_concurrent_func","category_complexity","category_function","trial_index"
"b6d6509a-0d91-4083-987d-c42ece984b7c","count","low complexity, low function","blicket","img/stim_lclf_b.png","right","con",1,"low","low",1
"b6d6509a-0d91-4083-987d-c42ece984b7c","count","low complexity, high function","toma","img/stim_lchf_a.png","left","ind",0,"low","high",2
"b6d6509a-0d91-4083-987d-c42ece984b7c","count","high complexity, low function","garn","img/stim_hclf_a.png","right","ind",0,"high","low",3
"b6d6509a-0d91-4083-987d-c42ece984b7c","count","high complexity, high function","zorp","img/stim_hchf_b.png","left","ind",0,"high","high",4
"b6d6509a-0d91-4083-987d-c42ece984b7c","count","medium complexity, medium function","sarel","img/stim_mcmf_b.png","left","con",1,"medium","medium",5
"849d3095-9a35-4d5c-a4e5-0d34ac4916e5","count","low complexity, low function","zorp","img/stim_lclf_a.png","right","ind",0,"low","low",1
"849d3095-9a35-4d5c-a4e5-0d34ac4916e5","count","high complexity, low function","sarel","img/stim_hclf_b.png","left","con",1,"high","low",2
"849d3095-9a35-4d5c-a4e5-0d34ac4916e5","count","low complexity, high function","toma","img/stim_lchf_a.png","right","con",1,"low","high",3
"849d3095-9a35-4d5c-a4e5-0d34ac4916e5","count","medium complexity, medium function","garn","img/stim_mcmf_b.png","left","ind",0,"medium","medium",4
"849d3095-9a35-4d5c-a4e5-0d34ac4916e5","count","high complexity, high function","blicket","img/stim_hchf_a.png","right","ind",0,"high","high",5
"5eacc192-ed62-441f-ba9c-a75f3bf9d0ee","count","high complexity, low function","blicket","img/stim_hclf_b.png","left","con",1,"high","low",1
"5eacc192-ed62-441f-ba9c-a75f3bf9d0ee","count","medium complexity, medium function","zorp","img/stim_mcmf_b.png","right","con",1,"medium","medium",2
"5eacc192-ed62-441f-ba9c-a75f3bf9d0ee","count","high complexity, high function","garn","img/stim_hchf_a.png","right","con",1,"high","high",3
"5eacc192-ed62-441f-ba9c-a75f3bf9d0ee","count","low complexity, low function","toma","img/stim_lclf_a.png","left","ind",0,"low","low",4
"5eacc192-ed62-441f-ba9c-a75f3bf9d0ee","count","low complexity, high function","sarel","img/stim_lchf_b.png","left","con",1,"low","high",5
"595d616e-1cdf-4728-9852-125f56c827e8","count","high complexity, low function","zorp","img/stim_hclf_a.png","right","ind",0,"high","low",1
"595d616e-1cdf-4728-9852-125f56c827e8","count","low complexity, high function","sarel","img/stim_lchf_b.png","right","ind",0,"low","high",2
"595d616e-1cdf-4728-9852-125f56c827e8","count","low complexity, low function","garn","img/stim_lclf_a.png","left","con",1,"low","low",3
"595d616e-1cdf-4728-9852-125f56c827e8","count","high complexity, high function","toma","img/stim_hchf_a.png","right","con",1,"high","high",4
"595d616e-1cdf-4728-9852-125f56c827e8","count","medium complexity, medium function","blicket","img/stim_mcmf_b.png","left","con",1,"medium","medium",5
"4210f544-22cb-4439-a16f-8a57914f1d45","count","low complexity, high function","garn","img/stim_lchf_b.png","right","con",1,"low","high",1
"4210f544-22cb-4439-a16f-8a57914f1d45","count","high complexity, high function","toma","img/stim_hchf_a.png","left","con",1,"high","high",2
"4210f544-22cb-4439-a16f-8a57914f1d45","count","low complexity, low function","sarel","img/stim_lclf_b.png","left","ind",0,"low","low",3
"4210f544-22cb-4439-a16f-8a57914f1d45","count","medium complexity, medium function","blicket","img/stim_mcmf_b.png","right","ind",0,"medium","medium",4
"4210f544-22cb-4439-a16f-8a57914f1d45","count","high complexity, low function","zorp","img/stim_hclf_b.png","right","ind",0,"high","low",5
"4d1ab452-4dc8-481c-a747-322084e2c956","count","high complexity, low function","zorp","img/stim_hclf_a.png","left","ind",0,"high","low",1
"4d1ab452-4dc8-481c-a747-322084e2c956","count","low complexity, low function","toma","img/stim_lclf_b.png","left","con",1,"low","low",2
"4d1ab452-4dc8-481c-a747-322084e2c956","count","medium complexity, medium function","blicket","img/stim_mcmf_b.png","right","ind",0,"medium","medium",3
"4d1ab452-4dc8-481c-a747-322084e2c956","count","high complexity, high function","garn","img/stim_hchf_b.png","left","con",1,"high","high",4
"4d1ab452-4dc8-481c-a747-322084e2c956","count","low complexity, high function","sarel","img/stim_lchf_b.png","right","ind",0,"low","high",5
"436e7be0-d2f6-4016-9493-69432eb58d6d","count","low complexity, high function","blicket","img/stim_lchf_b.png","right","ind",0,"low","high",1
"436e7be0-d2f6-4016-9493-69432eb58d6d","count","high complexity, low function","toma","img/stim_hclf_a.png","right","con",1,"high","low",2
"436e7be0-d2f6-4016-9493-69432eb58d6d","count","high complexity, high function","garn","img/stim_hchf_b.png","left","ind",0,"high","high",3
"436e7be0-d2f6-4016-9493-69432eb58d6d","count","medium complexity, medium function","zorp","img/stim_mcmf_b.png","right","con",1,"medium","medium",4
"436e7be0-d2f6-4016-9493-69432eb58d6d","count","low complexity, low function","sarel","img/stim_lclf_b.png","right","con",1,"low","low",5
"36cbd22a-dad8-4e17-96b1-b449eb33c838","count","high complexity, low function","sarel","img/stim_hclf_a.png","right","con",1,"high","low",1
"36cbd22a-dad8-4e17-96b1-b449eb33c838","count","high complexity, high function","blicket","img/stim_hchf_b.png","right","ind",0,"high","high",2
"36cbd22a-dad8-4e17-96b1-b449eb33c838","count","low complexity, high function","zorp","img/stim_lchf_b.png","left","con",1,"low","high",3
"36cbd22a-dad8-4e17-96b1-b449eb33c838","count","low complexity, low function","toma","img/stim_lclf_a.png","left","con",1,"low","low",4
"36cbd22a-dad8-4e17-96b1-b449eb33c838","count","medium complexity, medium function","garn","img/stim_mcmf_a.png","right","con",1,"medium","medium",5
"ccf5d8f8-aaec-4279-bcc2-dac47f284985","count","low complexity, low function","toma","img/stim_lclf_b.png","right","ind",0,"low","low",1
"ccf5d8f8-aaec-4279-bcc2-dac47f284985","count","low complexity, high function","sarel","img/stim_lchf_b.png","left","con",1,"low","high",2
"ccf5d8f8-aaec-4279-bcc2-dac47f284985","count","high complexity, low function","garn","img/stim_hclf_a.png","right","con",1,"high","low",3
"ccf5d8f8-aaec-4279-bcc2-dac47f284985","count","medium complexity, medium function","zorp","img/stim_mcmf_a.png","left","ind",0,"medium","medium",4
"ccf5d8f8-aaec-4279-bcc2-dac47f284985","count","high complexity, high function","blicket","img/stim_hchf_b.png","right","con",1,"high","high",5
"15b8aa24-89db-4541-ac92-d57ce5768ae3","count","medium complexity, medium function","garn","img/stim_mcmf_b.png","left","ind",0,"medium","medium",1
"15b8aa24-89db-4541-ac92-d57ce5768ae3","count","low complexity, low function","zorp","img/stim_lclf_b.png","right","ind",0,"low","low",2
"15b8aa24-89db-4541-ac92-d57ce5768ae3","count","low complexity, high function","sarel","img/stim_lchf_a.png","left","con",1,"low","high",3
"15b8aa24-89db-4541-ac92-d57ce5768ae3","count","high complexity, low function","toma","img/stim_hclf_a.png","right","con",1,"high","low",4
"15b8aa24-89db-4541-ac92-d57ce5768ae3","count","high complexity, high function","blicket","img/stim_hchf_b.png","right","ind",0,"high","high",5
"7b7c83fb-2ed7-4445-81e7-133335f52510","count","high complexity, high function","sarel","img/stim_hchf_b.png","left","ind",0,"high","high",1
"7b7c83fb-2ed7-4445-81e7-133335f52510","count","high complexity, low function","garn","img/stim_hclf_a.png","left","con",1,"high","low",2
"7b7c83fb-2ed7-4445-81e7-133335f52510","count","low complexity, low function","zorp","img/stim_lclf_b.png","left","con",1,"low","low",3
"7b7c83fb-2ed7-4445-81e7-133335f52510","count","low complexity, high function","toma","img/stim_lchf_b.png","right","ind",0,"low","high",4
"7b7c83fb-2ed7-4445-81e7-133335f52510","count","medium complexity, medium function","blicket","img/stim_mcmf_a.png","right","con",1,"medium","medium",5
"93f7a083-d37d-476e-ae5b-cdb31602a3d2","count","low complexity, low function","zorp","img/stim_lclf_a.png","right","ind",0,"low","low",1
"93f7a083-d37d-476e-ae5b-cdb31602a3d2","count","medium complexity, medium function","garn","img/stim_mcmf_b.png","left","ind",0,"medium","medium",2
"93f7a083-d37d-476e-ae5b-cdb31602a3d2","count","low complexity, high function","toma","img/stim_lchf_b.png","right","ind",0,"low","high",3
"93f7a083-d37d-476e-ae5b-cdb31602a3d2","count","high complexity, low function","sarel","img/stim_hclf_b.png","right","ind",0,"high","low",4
"93f7a083-d37d-476e-ae5b-cdb31602a3d2","count","high complexity, high function","blicket","img/stim_hchf_b.png","right","ind",0,"high","high",5
"a6f375e3-928e-43a0-86c4-646a299726e4","count","low complexity, low function","zorp","img/stim_lclf_b.png","right","ind",0,"low","low",1
"a6f375e3-928e-43a0-86c4-646a299726e4","count","high complexity, low function","toma","img/stim_hclf_a.png","right","ind",0,"high","low",2
"a6f375e3-928e-43a0-86c4-646a299726e4","count","high complexity, high function","sarel","img/stim_hchf_a.png","right","ind",0,"high","high",3
"a6f375e3-928e-43a0-86c4-646a299726e4","count","low complexity, high function","blicket","img/stim_lchf_b.png","right","ind",0,"low","high",4
"a6f375e3-928e-43a0-86c4-646a299726e4","count","medium complexity, medium function","garn","img/stim_mcmf_b.png","left","con",1,"medium","medium",5
"b9015b0a-7e09-42ed-9c3c-d24ac4cbabad","count","high complexity, high function","blicket","img/stim_hchf_b.png","left","ind",0,"high","high",1
"b9015b0a-7e09-42ed-9c3c-d24ac4cbabad","count","high complexity, low function","toma","img/stim_hclf_a.png","right","ind",0,"high","low",2
"b9015b0a-7e09-42ed-9c3c-d24ac4cbabad","count","low complexity, low function","garn","img/stim_lclf_b.png","right","ind",0,"low","low",3
"b9015b0a-7e09-42ed-9c3c-d24ac4cbabad","count","low complexity, high function","sarel","img/stim_lchf_b.png","left","ind",0,"low","high",4
"b9015b0a-7e09-42ed-9c3c-d24ac4cbabad","count","medium complexity, medium function","zorp","img/stim_mcmf_b.png","right","con",1,"medium","medium",5
"b8734af5-88a8-4656-ba1c-bf77e865be2c","count","low complexity, high function","zorp","img/stim_lchf_a.png","right","ind",0,"low","high",1
"b8734af5-88a8-4656-ba1c-bf77e865be2c","count","high complexity, low function","toma","img/stim_hclf_b.png","left","con",1,"high","low",2
"b8734af5-88a8-4656-ba1c-bf77e865be2c","count","high complexity, high function","garn","img/stim_hchf_a.png","left","con",1,"high","high",3
"b8734af5-88a8-4656-ba1c-bf77e865be2c","count","low complexity, low function","blicket","img/stim_lclf_b.png","right","ind",0,"low","low",4
"b8734af5-88a8-4656-ba1c-bf77e865be2c","count","medium complexity, medium function","sarel","img/stim_mcmf_b.png","right","ind",0,"medium","medium",5
"cea26cbc-a9e1-4e84-ac51-ac0d49d4f06b","count","high complexity, low function","sarel","img/stim_hclf_b.png","left","ind",0,"high","low",1
"cea26cbc-a9e1-4e84-ac51-ac0d49d4f06b","count","low complexity, high function","garn","img/stim_lchf_b.png","left","ind",0,"low","high",2
"cea26cbc-a9e1-4e84-ac51-ac0d49d4f06b","count","medium complexity, medium function","toma","img/stim_mcmf_a.png","right","ind",0,"medium","medium",3
"cea26cbc-a9e1-4e84-ac51-ac0d49d4f06b","count","low complexity, low function","zorp","img/stim_lclf_b.png","left","con",1,"low","low",4
"cea26cbc-a9e1-4e84-ac51-ac0d49d4f06b","count","high complexity, high function","blicket","img/stim_hchf_b.png","right","ind",0,"high","high",5
"18873ebf-b936-41b4-8fa5-62bfbd83c08f","count","high complexity, low function","blicket","img/stim_hclf_b.png","left","ind",0,"high","low",1
"18873ebf-b936-41b4-8fa5-62bfbd83c08f","count","medium complexity, medium function","garn","img/stim_mcmf_a.png","right","con",1,"medium","medium",2
"18873ebf-b936-41b4-8fa5-62bfbd83c08f","count","low complexity, high function","toma","img/stim_lchf_a.png","left","ind",0,"low","high",3
"18873ebf-b936-41b4-8fa5-62bfbd83c08f","count","high complexity, high function","zorp","img/stim_hchf_b.png","right","con",1,"high","high",4
"18873ebf-b936-41b4-8fa5-62bfbd83c08f","count","low complexity, low function","sarel","img/stim_lclf_b.png","left","ind",0,"low","low",5
"49d964d0-7c0b-4321-b195-b633e7a697a7","count","high complexity, low function","sarel","img/stim_hclf_b.png","right","con",1,"high","low",1
"49d964d0-7c0b-4321-b195-b633e7a697a7","count","low complexity, low function","garn","img/stim_lclf_a.png","left","ind",0,"low","low",2
"49d964d0-7c0b-4321-b195-b633e7a697a7","count","low complexity, high function","toma","img/stim_lchf_a.png","left","con",1,"low","high",3
"49d964d0-7c0b-4321-b195-b633e7a697a7","count","high complexity, high function","blicket","img/stim_hchf_b.png","right","ind",0,"high","high",4
"49d964d0-7c0b-4321-b195-b633e7a697a7","count","medium complexity, medium function","zorp","img/stim_mcmf_b.png","left","con",1,"medium","medium",5
"76a913d0-f8ed-48a0-a3ed-bfd8dbb43eb0","count","low complexity, low function","sarel","img/stim_lclf_b.png","right","con",1,"low","low",1
"76a913d0-f8ed-48a0-a3ed-bfd8dbb43eb0","count","medium complexity, medium function","garn","img/stim_mcmf_a.png","left","con",1,"medium","medium",2
"76a913d0-f8ed-48a0-a3ed-bfd8dbb43eb0","count","high complexity, high function","blicket","img/stim_hchf_b.png","right","ind",0,"high","high",3
"76a913d0-f8ed-48a0-a3ed-bfd8dbb43eb0","count","low complexity, high function","zorp","img/stim_lchf_a.png","right","con",1,"low","high",4
"76a913d0-f8ed-48a0-a3ed-bfd8dbb43eb0","count","high complexity, low function","toma","img/stim_hclf_a.png","left","con",1,"high","low",5
"36d26ef8-b94c-4357-8a69-a0139369c709","count","low complexity, low function","zorp","img/stim_lclf_b.png","right","ind",0,"low","low",1
"36d26ef8-b94c-4357-8a69-a0139369c709","count","low complexity, high function","sarel","img/stim_lchf_a.png","right","ind",0,"low","high",2
"36d26ef8-b94c-4357-8a69-a0139369c709","count","medium complexity, medium function","toma","img/stim_mcmf_a.png","left","con",1,"medium","medium",3
"36d26ef8-b94c-4357-8a69-a0139369c709","count","high complexity, high function","garn","img/stim_hchf_a.png","right","ind",0,"high","high",4
"36d26ef8-b94c-4357-8a69-a0139369c709","count","high complexity, low function","blicket","img/stim_hclf_b.png","right","con",1,"high","low",5
"6bd58025-8ef6-496b-bfed-e80ddd9327ec","count","low complexity, high function","garn","img/stim_lchf_b.png","left","ind",0,"low","high",1
"6bd58025-8ef6-496b-bfed-e80ddd9327ec","count","medium complexity, medium function","toma","img/stim_mcmf_a.png","left","con",1,"medium","medium",2
"6bd58025-8ef6-496b-bfed-e80ddd9327ec","count","low complexity, low function","zorp","img/stim_lclf_b.png","left","ind",0,"low","low",3
"6bd58025-8ef6-496b-bfed-e80ddd9327ec","count","high complexity, high function","sarel","img/stim_hchf_a.png","right","ind",0,"high","high",4
"6bd58025-8ef6-496b-bfed-e80ddd9327ec","count","high complexity, low function","blicket","img/stim_hclf_b.png","left","ind",0,"high","low",5
"7511a99c-b6b4-4520-a3aa-b9046bc5ef58","count","medium complexity, medium function","blicket","img/stim_mcmf_a.png","right","ind",0,"medium","medium",1
"7511a99c-b6b4-4520-a3aa-b9046bc5ef58","count","high complexity, low function","sarel","img/stim_hclf_b.png","left","con",1,"high","low",2
"7511a99c-b6b4-4520-a3aa-b9046bc5ef58","count","low complexity, high function","garn","img/stim_lchf_a.png","left","con",1,"low","high",3
"7511a99c-b6b4-4520-a3aa-b9046bc5ef58","count","high complexity, high function","toma","img/stim_hchf_b.png","right","con",1,"high","high",4
"7511a99c-b6b4-4520-a3aa-b9046bc5ef58","count","low complexity, low function","zorp","img/stim_lclf_b.png","right","con",1,"low","low",5
"f92f2353-fa0d-45b6-8830-ca405d360b6d","count","medium complexity, medium function","blicket","img/stim_mcmf_a.png","right","ind",0,"medium","medium",1
"f92f2353-fa0d-45b6-8830-ca405d360b6d","count","low complexity, high function","garn","img/stim_lchf_a.png","right","con",1,"low","high",2
"f92f2353-fa0d-45b6-8830-ca405d360b6d","count","high complexity, low function","sarel","img/stim_hclf_a.png","left","con",1,"high","low",3
"f92f2353-fa0d-45b6-8830-ca405d360b6d","count","low complexity, low function","zorp","img/stim_lclf_b.png","right","con",1,"low","low",4
"f92f2353-fa0d-45b6-8830-ca405d360b6d","count","high complexity, high function","toma","img/stim_hchf_b.png","left","con",1,"high","high",5
"491ff38d-698d-4106-8b74-b59bdccb5fe2","count","high complexity, high function","sarel","img/stim_hchf_b.png","right","ind",0,"high","high",1
"491ff38d-698d-4106-8b74-b59bdccb5fe2","count","low complexity, high function","toma","img/stim_lchf_a.png","right","con",1,"low","high",2
"491ff38d-698d-4106-8b74-b59bdccb5fe2","count","high complexity, low function","blicket","img/stim_hclf_b.png","left","con",1,"high","low",3
"491ff38d-698d-4106-8b74-b59bdccb5fe2","count","low complexity, low function","garn","img/stim_lclf_a.png","right","ind",0,"low","low",4
"491ff38d-698d-4106-8b74-b59bdccb5fe2","count","medium complexity, medium function","zorp","img/stim_mcmf_b.png","right","ind",0,"medium","medium",5
"78ee9703-f8cd-48d8-91b5-28d9232eb000","count","low complexity, high function","toma","img/stim_lchf_a.png","right","ind",0,"low","high",1
"78ee9703-f8cd-48d8-91b5-28d9232eb000","count","low complexity, low function","sarel","img/stim_lclf_a.png","right","con",1,"low","low",2
"78ee9703-f8cd-48d8-91b5-28d9232eb000","count","high complexity, low function","blicket","img/stim_hclf_a.png","left","con",1,"high","low",3
"78ee9703-f8cd-48d8-91b5-28d9232eb000","count","medium complexity, medium function","garn","img/stim_mcmf_b.png","left","ind",0,"medium","medium",4
"78ee9703-f8cd-48d8-91b5-28d9232eb000","count","high complexity, high function","zorp","img/stim_hchf_b.png","right","ind",0,"high","high",5
"5d229e85-c555-4ea8-911f-316834d49b90","count","high complexity, high function","toma","img/stim_hchf_b.png","left","ind",0,"high","high",1
"5d229e85-c555-4ea8-911f-316834d49b90","count","low complexity, low function","zorp","img/stim_lclf_a.png","right","con",1,"low","low",2
"5d229e85-c555-4ea8-911f-316834d49b90","count","low complexity, high function","sarel","img/stim_lchf_b.png","right","ind",0,"low","high",3
"5d229e85-c555-4ea8-911f-316834d49b90","count","high complexity, low function","garn","img/stim_hclf_a.png","left","ind",0,"high","low",4
"5d229e85-c555-4ea8-911f-316834d49b90","count","medium complexity, medium function","blicket","img/stim_mcmf_a.png","right","con",1,"medium","medium",5
"db1667b8-e01d-4579-8b78-9ea2c13a6b3d","count","medium complexity, medium function","blicket","img/stim_mcmf_a.png","left","ind",0,"medium","medium",1
"db1667b8-e01d-4579-8b78-9ea2c13a6b3d","count","high complexity, high function","garn","img/stim_hchf_b.png","right","con",1,"high","high",2
"db1667b8-e01d-4579-8b78-9ea2c13a6b3d","count","high complexity, low function","zorp","img/stim_hclf_b.png","right","ind",0,"high","low",3
"db1667b8-e01d-4579-8b78-9ea2c13a6b3d","count","low complexity, high function","sarel","img/stim_lchf_b.png","left","con",1,"low","high",4
"db1667b8-e01d-4579-8b78-9ea2c13a6b3d","count","low complexity, low function","toma","img/stim_lclf_b.png","right","ind",0,"low","low",5
"b306a325-e836-4ff9-ae1f-e8457c1095b2","count","low complexity, low function","toma","img/stim_lclf_b.png","left","con",1,"low","low",1
"b306a325-e836-4ff9-ae1f-e8457c1095b2","count","medium complexity, medium function","sarel","img/stim_mcmf_b.png","left","con",1,"medium","medium",2
"b306a325-e836-4ff9-ae1f-e8457c1095b2","count","high complexity, low function","zorp","img/stim_hclf_a.png","left","ind",0,"high","low",3
"b306a325-e836-4ff9-ae1f-e8457c1095b2","count","low complexity, high function","blicket","img/stim_lchf_a.png","right","con",1,"low","high",4
"b306a325-e836-4ff9-ae1f-e8457c1095b2","count","high complexity, high function","garn","img/stim_hchf_a.png","right","ind",0,"high","high",5
"607223b0-f511-4556-8aee-50be02cb607d","count","medium complexity, medium function","zorp","img/stim_mcmf_b.png","right","ind",0,"medium","medium",1
"607223b0-f511-4556-8aee-50be02cb607d","count","low complexity, low function","toma","img/stim_lclf_a.png","right","ind",0,"low","low",2
"607223b0-f511-4556-8aee-50be02cb607d","count","high complexity, high function","garn","img/stim_hchf_a.png","left","con",1,"high","high",3
"607223b0-f511-4556-8aee-50be02cb607d","count","high complexity, low function","sarel","img/stim_hclf_b.png","right","ind",0,"high","low",4
"607223b0-f511-4556-8aee-50be02cb607d","count","low complexity, high function","blicket","img/stim_lchf_b.png","left","con",1,"low","high",5
"f2ddfcaf-8f36-462a-80b0-7491ebb86dac","count","low complexity, high function","blicket","img/stim_lchf_b.png","right","con",1,"low","high",1
"f2ddfcaf-8f36-462a-80b0-7491ebb86dac","count","medium complexity, medium function","sarel","img/stim_mcmf_b.png","left","ind",0,"medium","medium",2
"f2ddfcaf-8f36-462a-80b0-7491ebb86dac","count","low complexity, low function","garn","img/stim_lclf_b.png","right","con",1,"low","low",3
"f2ddfcaf-8f36-462a-80b0-7491ebb86dac","count","high complexity, low function","toma","img/stim_hclf_b.png","left","con",1,"high","low",4
"f2ddfcaf-8f36-462a-80b0-7491ebb86dac","count","high complexity, high function","zorp","img/stim_hchf_a.png","right","con",1,"high","high",5
"cb7c79a7-3d82-4d28-84ec-da33793fec44","count","low complexity, low function","blicket","img/stim_lclf_a.png","left","ind",0,"low","low",1
"cb7c79a7-3d82-4d28-84ec-da33793fec44","count","high complexity, high function","zorp","img/stim_hchf_b.png","right","con",1,"high","high",2
"cb7c79a7-3d82-4d28-84ec-da33793fec44","count","high complexity, low function","garn","img/stim_hclf_b.png","right","ind",0,"high","low",3
"cb7c79a7-3d82-4d28-84ec-da33793fec44","count","low complexity, high function","sarel","img/stim_lchf_b.png","left","con",1,"low","high",4
"cb7c79a7-3d82-4d28-84ec-da33793fec44","count","medium complexity, medium function","toma","img/stim_mcmf_b.png","left","con",1,"medium","medium",5
"eea365ab-b822-4684-ab7a-e6aebc9a16aa","count","medium complexity, medium function","zorp","img/stim_mcmf_a.png","right","ind",0,"medium","medium",1
"eea365ab-b822-4684-ab7a-e6aebc9a16aa","count","low complexity, high function","sarel","img/stim_lchf_b.png","left","ind",0,"low","high",2
"eea365ab-b822-4684-ab7a-e6aebc9a16aa","count","high complexity, low function","toma","img/stim_hclf_a.png","right","con",1,"high","low",3
"eea365ab-b822-4684-ab7a-e6aebc9a16aa","count","high complexity, high function","garn","img/stim_hchf_b.png","right","ind",0,"high","high",4
"eea365ab-b822-4684-ab7a-e6aebc9a16aa","count","low complexity, low function","blicket","img/stim_lclf_b.png","left","con",1,"low","low",5
"97c98b1f-28aa-4ca9-874a-2ed912bb161b","count","high complexity, low function","garn","img/stim_hclf_b.png","left","con",1,"high","low",1
"97c98b1f-28aa-4ca9-874a-2ed912bb161b","count","low complexity, low function","zorp","img/stim_lclf_a.png","right","ind",0,"low","low",2
"97c98b1f-28aa-4ca9-874a-2ed912bb161b","count","medium complexity, medium function","sarel","img/stim_mcmf_b.png","right","con",1,"medium","medium",3
"97c98b1f-28aa-4ca9-874a-2ed912bb161b","count","high complexity, high function","toma","img/stim_hchf_b.png","left","ind",0,"high","high",4
"97c98b1f-28aa-4ca9-874a-2ed912bb161b","count","low complexity, high function","blicket","img/stim_lchf_a.png","right","con",1,"low","high",5
"c9b42b96-6ea3-4a81-a414-aee2cad1b6ce","count","medium complexity, medium function","garn","img/stim_mcmf_a.png","right","ind",0,"medium","medium",1
"c9b42b96-6ea3-4a81-a414-aee2cad1b6ce","count","low complexity, low function","sarel","img/stim_lclf_a.png","right","con",1,"low","low",2
"c9b42b96-6ea3-4a81-a414-aee2cad1b6ce","count","low complexity, high function","toma","img/stim_lchf_a.png","right","con",1,"low","high",3
"c9b42b96-6ea3-4a81-a414-aee2cad1b6ce","count","high complexity, low function","zorp","img/stim_hclf_b.png","right","ind",0,"high","low",4
"c9b42b96-6ea3-4a81-a414-aee2cad1b6ce","count","high complexity, high function","blicket","img/stim_hchf_b.png","right","con",1,"high","high",5
"6d00642f-ab6a-48d2-bc4c-82865ba9ddb9","count","low complexity, high function","sarel","img/stim_lchf_b.png","right","con",1,"low","high",1
"6d00642f-ab6a-48d2-bc4c-82865ba9ddb9","count","low complexity, low function","blicket","img/stim_lclf_b.png","left","ind",0,"low","low",2
"6d00642f-ab6a-48d2-bc4c-82865ba9ddb9","count","medium complexity, medium function","garn","img/stim_mcmf_a.png","left","con",1,"medium","medium",3
"6d00642f-ab6a-48d2-bc4c-82865ba9ddb9","count","high complexity, low function","zorp","img/stim_hclf_b.png","right","ind",0,"high","low",4
"6d00642f-ab6a-48d2-bc4c-82865ba9ddb9","count","high complexity, high function","toma","img/stim_hchf_a.png","right","con",1,"high","high",5
"77e54b66-6d97-48ad-b466-d84ede35531f","count","high complexity, low function","sarel","img/stim_hclf_b.png","left","con",1,"high","low",1
"77e54b66-6d97-48ad-b466-d84ede35531f","count","low complexity, high function","garn","img/stim_lchf_a.png","left","ind",0,"low","high",2
"77e54b66-6d97-48ad-b466-d84ede35531f","count","medium complexity, medium function","toma","img/stim_mcmf_b.png","left","ind",0,"medium","medium",3
"77e54b66-6d97-48ad-b466-d84ede35531f","count","low complexity, low function","zorp","img/stim_lclf_a.png","right","con",1,"low","low",4
"77e54b66-6d97-48ad-b466-d84ede35531f","count","high complexity, high function","blicket","img/stim_hchf_b.png","right","con",1,"high","high",5
"b7c624f2-e091-4b57-aa10-b0f3918dcb94","count","high complexity, high function","toma","img/stim_hchf_b.png","right","con",1,"high","high",1
"b7c624f2-e091-4b57-aa10-b0f3918dcb94","count","high complexity, low function","garn","img/stim_hclf_b.png","left","ind",0,"high","low",2
"b7c624f2-e091-4b57-aa10-b0f3918dcb94","count","medium complexity, medium function","zorp","img/stim_mcmf_b.png","right","con",1,"medium","medium",3
"b7c624f2-e091-4b57-aa10-b0f3918dcb94","count","low complexity, low function","blicket","img/stim_lclf_b.png","left","con",1,"low","low",4
"b7c624f2-e091-4b57-aa10-b0f3918dcb94","count","low complexity, high function","sarel","img/stim_lchf_a.png","right","con",1,"low","high",5
"5ed92ec5-7fd7-4f2e-af73-79322dd4abdf","count","low complexity, high function","toma","img/stim_lchf_b.png","right","ind",0,"low","high",1
"5ed92ec5-7fd7-4f2e-af73-79322dd4abdf","count","medium complexity, medium function","blicket","img/stim_mcmf_a.png","left","con",1,"medium","medium",2
"5ed92ec5-7fd7-4f2e-af73-79322dd4abdf","count","low complexity, low function","zorp","img/stim_lclf_a.png","right","ind",0,"low","low",3
"5ed92ec5-7fd7-4f2e-af73-79322dd4abdf","count","high complexity, low function","sarel","img/stim_hclf_b.png","left","con",1,"high","low",4
"5ed92ec5-7fd7-4f2e-af73-79322dd4abdf","count","high complexity, high function","garn","img/stim_hchf_b.png","left","con",1,"high","high",5
"32dee270-c6f9-424d-a53a-863d2d2635dd","count","low complexity, high function","toma","img/stim_lchf_b.png","right","ind",0,"low","high",1
"32dee270-c6f9-424d-a53a-863d2d2635dd","count","low complexity, low function","sarel","img/stim_lclf_a.png","right","ind",0,"low","low",2
"32dee270-c6f9-424d-a53a-863d2d2635dd","count","high complexity, low function","zorp","img/stim_hclf_a.png","left","ind",0,"high","low",3
"32dee270-c6f9-424d-a53a-863d2d2635dd","count","medium complexity, medium function","garn","img/stim_mcmf_b.png","right","ind",0,"medium","medium",4
"32dee270-c6f9-424d-a53a-863d2d2635dd","count","high complexity, high function","blicket","img/stim_hchf_b.png","right","ind",0,"high","high",5
"66a09bd3-e2e3-42de-a5e3-12827134ed15","count","low complexity, low function","zorp","img/stim_lclf_a.png","right","ind",0,"low","low",1
"66a09bd3-e2e3-42de-a5e3-12827134ed15","count","high complexity, low function","blicket","img/stim_hclf_b.png","right","ind",0,"high","low",2
"66a09bd3-e2e3-42de-a5e3-12827134ed15","count","medium complexity, medium function","garn","img/stim_mcmf_b.png","right","ind",0,"medium","medium",3
"66a09bd3-e2e3-42de-a5e3-12827134ed15","count","low complexity, high function","toma","img/stim_lchf_a.png","left","ind",0,"low","high",4
"66a09bd3-e2e3-42de-a5e3-12827134ed15","count","high complexity, high function","sarel","img/stim_hchf_a.png","right","ind",0,"high","high",5
"b672c17a-c297-42d8-a37e-3bd37ad4361e","count","high complexity, low function","blicket","img/stim_hclf_a.png","left","ind",0,"high","low",1
"b672c17a-c297-42d8-a37e-3bd37ad4361e","count","high complexity, high function","toma","img/stim_hchf_a.png","right","con",1,"high","high",2
"b672c17a-c297-42d8-a37e-3bd37ad4361e","count","medium complexity, medium function","sarel","img/stim_mcmf_b.png","left","ind",0,"medium","medium",3
"b672c17a-c297-42d8-a37e-3bd37ad4361e","count","low complexity, low function","garn","img/stim_lclf_a.png","left","con",1,"low","low",4
"b672c17a-c297-42d8-a37e-3bd37ad4361e","count","low complexity, high function","zorp","img/stim_lchf_a.png","right","con",1,"low","high",5
"682f036d-2699-4ae8-a6c8-d538803ad524","count","low complexity, low function","garn","img/stim_lclf_a.png","right","ind",0,"low","low",1
"682f036d-2699-4ae8-a6c8-d538803ad524","count","medium complexity, medium function","blicket","img/stim_mcmf_b.png","right","ind",0,"medium","medium",2
"682f036d-2699-4ae8-a6c8-d538803ad524","count","low complexity, high function","zorp","img/stim_lchf_b.png","left","ind",0,"low","high",3
"682f036d-2699-4ae8-a6c8-d538803ad524","count","high complexity, high function","sarel","img/stim_hchf_b.png","right","ind",0,"high","high",4
"682f036d-2699-4ae8-a6c8-d538803ad524","count","high complexity, low function","toma","img/stim_hclf_a.png","right","ind",0,"high","low",5
"68d352ed-ed22-47a9-9f7c-45ae65a06b93","count","low complexity, low function","zorp","img/stim_lclf_a.png","right","ind",0,"low","low",1
"68d352ed-ed22-47a9-9f7c-45ae65a06b93","count","high complexity, high function","blicket","img/stim_hchf_a.png","left","ind",0,"high","high",2
"68d352ed-ed22-47a9-9f7c-45ae65a06b93","count","high complexity, low function","sarel","img/stim_hclf_b.png","right","con",1,"high","low",3
"68d352ed-ed22-47a9-9f7c-45ae65a06b93","count","low complexity, high function","toma","img/stim_lchf_b.png","right","con",1,"low","high",4
"68d352ed-ed22-47a9-9f7c-45ae65a06b93","count","medium complexity, medium function","garn","img/stim_mcmf_a.png","right","ind",0,"medium","medium",5
"43218a14-af23-4721-8434-6a10d45060cf","count","low complexity, low function","toma","img/stim_lclf_a.png","left","con",1,"low","low",1
"43218a14-af23-4721-8434-6a10d45060cf","count","low complexity, high function","sarel","img/stim_lchf_a.png","left","con",1,"low","high",2
"43218a14-af23-4721-8434-6a10d45060cf","count","medium complexity, medium function","garn","img/stim_mcmf_a.png","right","ind",0,"medium","medium",3
"43218a14-af23-4721-8434-6a10d45060cf","count","high complexity, low function","zorp","img/stim_hclf_b.png","left","ind",0,"high","low",4
"43218a14-af23-4721-8434-6a10d45060cf","count","high complexity, high function","blicket","img/stim_hchf_b.png","left","con",1,"high","high",5
"4e557bc6-b72c-46d0-89fe-e0884015b122","count","medium complexity, medium function","toma","img/stim_mcmf_a.png","left","ind",0,"medium","medium",1
"4e557bc6-b72c-46d0-89fe-e0884015b122","count","low complexity, high function","blicket","img/stim_lchf_a.png","right","ind",0,"low","high",2
"4e557bc6-b72c-46d0-89fe-e0884015b122","count","low complexity, low function","garn","img/stim_lclf_b.png","right","ind",0,"low","low",3
"4e557bc6-b72c-46d0-89fe-e0884015b122","count","high complexity, low function","sarel","img/stim_hclf_a.png","left","ind",0,"high","low",4
"4e557bc6-b72c-46d0-89fe-e0884015b122","count","high complexity, high function","zorp","img/stim_hchf_a.png","right","ind",0,"high","high",5
"b249795c-12f1-4991-94c6-689775312292","count","medium complexity, medium function","garn","img/stim_mcmf_b.png","left","con",1,"medium","medium",1
"b249795c-12f1-4991-94c6-689775312292","count","low complexity, high function","blicket","img/stim_lchf_b.png","right","con",1,"low","high",2
"b249795c-12f1-4991-94c6-689775312292","count","low complexity, low function","zorp","img/stim_lclf_b.png","right","ind",0,"low","low",3
"b249795c-12f1-4991-94c6-689775312292","count","high complexity, low function","toma","img/stim_hclf_b.png","right","con",1,"high","low",4
"b249795c-12f1-4991-94c6-689775312292","count","high complexity, high function","sarel","img/stim_hchf_b.png","left","ind",0,"high","high",5
"d6a4a16f-26ec-4d15-b6c2-832991a9e86f","count","high complexity, high function","sarel","img/stim_hchf_b.png","left","con",1,"high","high",1
"d6a4a16f-26ec-4d15-b6c2-832991a9e86f","count","low complexity, low function","zorp","img/stim_lclf_b.png","right","ind",0,"low","low",2
"d6a4a16f-26ec-4d15-b6c2-832991a9e86f","count","low complexity, high function","garn","img/stim_lchf_a.png","left","ind",0,"low","high",3
"d6a4a16f-26ec-4d15-b6c2-832991a9e86f","count","high complexity, low function","blicket","img/stim_hclf_a.png","right","con",1,"high","low",4
"d6a4a16f-26ec-4d15-b6c2-832991a9e86f","count","medium complexity, medium function","toma","img/stim_mcmf_b.png","left","ind",0,"medium","medium",5
"6e359d19-6c3a-4412-b11f-dadafbf09370","count","high complexity, high function","zorp","img/stim_hchf_a.png","right","ind",0,"high","high",1
"6e359d19-6c3a-4412-b11f-dadafbf09370","count","medium complexity, medium function","garn","img/stim_mcmf_b.png","right","ind",0,"medium","medium",2
"6e359d19-6c3a-4412-b11f-dadafbf09370","count","high complexity, low function","toma","img/stim_hclf_a.png","left","ind",0,"high","low",3
"6e359d19-6c3a-4412-b11f-dadafbf09370","count","low complexity, high function","sarel","img/stim_lchf_a.png","left","ind",0,"low","high",4
"6e359d19-6c3a-4412-b11f-dadafbf09370","count","low complexity, low function","blicket","img/stim_lclf_a.png","left","ind",0,"low","low",5
"16343ad0-f158-4d4d-a369-ccccaf734f38","count","medium complexity, medium function","sarel","img/stim_mcmf_b.png","right","con",1,"medium","medium",1
"16343ad0-f158-4d4d-a369-ccccaf734f38","count","low complexity, high function","blicket","img/stim_lchf_a.png","left","con",1,"low","high",2
"16343ad0-f158-4d4d-a369-ccccaf734f38","count","low complexity, low function","garn","img/stim_lclf_a.png","left","ind",0,"low","low",3
"16343ad0-f158-4d4d-a369-ccccaf734f38","count","high complexity, low function","zorp","img/stim_hclf_b.png","right","con",1,"high","low",4
"16343ad0-f158-4d4d-a369-ccccaf734f38","count","high complexity, high function","toma","img/stim_hchf_b.png","right","con",1,"high","high",5
"876566bf-5e99-44dd-b7cf-80531c8658b9","count","high complexity, low function","toma","img/stim_hclf_b.png","left","ind",0,"high","low",1
"876566bf-5e99-44dd-b7cf-80531c8658b9","count","high complexity, high function","blicket","img/stim_hchf_a.png","right","ind",0,"high","high",2
"876566bf-5e99-44dd-b7cf-80531c8658b9","count","low complexity, low function","zorp","img/stim_lclf_a.png","right","ind",0,"low","low",3
"876566bf-5e99-44dd-b7cf-80531c8658b9","count","low complexity, high function","sarel","img/stim_lchf_a.png","left","ind",0,"low","high",4
"876566bf-5e99-44dd-b7cf-80531c8658b9","count","medium complexity, medium function","garn","img/stim_mcmf_a.png","left","ind",0,"medium","medium",5
"45eceb3e-9f5a-40d7-8d0b-b878e807c2db","count","medium complexity, medium function","zorp","img/stim_mcmf_b.png","right","ind",0,"medium","medium",1
"45eceb3e-9f5a-40d7-8d0b-b878e807c2db","count","low complexity, high function","blicket","img/stim_lchf_b.png","left","ind",0,"low","high",2
"45eceb3e-9f5a-40d7-8d0b-b878e807c2db","count","low complexity, low function","sarel","img/stim_lclf_b.png","right","con",1,"low","low",3
"45eceb3e-9f5a-40d7-8d0b-b878e807c2db","count","high complexity, high function","toma","img/stim_hchf_a.png","left","ind",0,"high","high",4
"45eceb3e-9f5a-40d7-8d0b-b878e807c2db","count","high complexity, low function","garn","img/stim_hclf_a.png","left","ind",0,"high","low",5
"623207e7-2828-4e1d-8ffd-69254199db2b","count","low complexity, high function","zorp","img/stim_lchf_b.png","right","ind",0,"low","high",1
"623207e7-2828-4e1d-8ffd-69254199db2b","count","high complexity, high function","garn","img/stim_hchf_b.png","left","ind",0,"high","high",2
"623207e7-2828-4e1d-8ffd-69254199db2b","count","high complexity, low function","sarel","img/stim_hclf_b.png","right","ind",0,"high","low",3
"623207e7-2828-4e1d-8ffd-69254199db2b","count","low complexity, low function","blicket","img/stim_lclf_b.png","right","con",1,"low","low",4
"623207e7-2828-4e1d-8ffd-69254199db2b","count","medium complexity, medium function","toma","img/stim_mcmf_a.png","left","ind",0,"medium","medium",5
"832bfb0c-ffef-4d2a-94db-44727fb64636","count","low complexity, low function","blicket","img/stim_lclf_a.png","left","ind",0,"low","low",1
"832bfb0c-ffef-4d2a-94db-44727fb64636","count","high complexity, high function","zorp","img/stim_hchf_a.png","left","con",1,"high","high",2
"832bfb0c-ffef-4d2a-94db-44727fb64636","count","medium complexity, medium function","sarel","img/stim_mcmf_a.png","right","con",1,"medium","medium",3
"832bfb0c-ffef-4d2a-94db-44727fb64636","count","low complexity, high function","toma","img/stim_lchf_b.png","left","con",1,"low","high",4
"832bfb0c-ffef-4d2a-94db-44727fb64636","count","high complexity, low function","garn","img/stim_hclf_a.png","right","con",1,"high","low",5
"f986239d-42e4-47f7-bf5c-24746b458323","count","low complexity, high function","toma","img/stim_lchf_a.png","right","con",1,"low","high",1
"f986239d-42e4-47f7-bf5c-24746b458323","count","high complexity, low function","sarel","img/stim_hclf_b.png","right","ind",0,"high","low",2
"f986239d-42e4-47f7-bf5c-24746b458323","count","high complexity, high function","blicket","img/stim_hchf_a.png","right","ind",0,"high","high",3
"f986239d-42e4-47f7-bf5c-24746b458323","count","medium complexity, medium function","garn","img/stim_mcmf_b.png","left","ind",0,"medium","medium",4
"f986239d-42e4-47f7-bf5c-24746b458323","count","low complexity, low function","zorp","img/stim_lclf_a.png","right","ind",0,"low","low",5
"9055f1ae-8e9c-4ffb-bf22-d6fd5e8346f9","count","high complexity, high function","zorp","img/stim_hchf_a.png","right","con",1,"high","high",1
"9055f1ae-8e9c-4ffb-bf22-d6fd5e8346f9","count","low complexity, low function","sarel","img/stim_lclf_a.png","right","ind",0,"low","low",2
"9055f1ae-8e9c-4ffb-bf22-d6fd5e8346f9","count","low complexity, high function","toma","img/stim_lchf_b.png","left","ind",0,"low","high",3
"9055f1ae-8e9c-4ffb-bf22-d6fd5e8346f9","count","medium complexity, medium function","garn","img/stim_mcmf_a.png","left","con",1,"medium","medium",4
"9055f1ae-8e9c-4ffb-bf22-d6fd5e8346f9","count","high complexity, low function","blicket","img/stim_hclf_b.png","right","con",1,"high","low",5
"c2284140-9fd1-4d51-acca-c4c6f8bfd1aa","mass","medium complexity, medium function","garn","img/stim_mcmf_b.png","left","ind",0,"medium","medium",1
"c2284140-9fd1-4d51-acca-c4c6f8bfd1aa","mass","low complexity, low function","sarel","img/stim_lclf_a.png","left","ind",0,"low","low",2
"c2284140-9fd1-4d51-acca-c4c6f8bfd1aa","mass","high complexity, low function","blicket","img/stim_hclf_b.png","right","ind",0,"high","low",3
"c2284140-9fd1-4d51-acca-c4c6f8bfd1aa","mass","low complexity, high function","toma","img/stim_lchf_a.png","right","con",1,"low","high",4
"c2284140-9fd1-4d51-acca-c4c6f8bfd1aa","mass","high complexity, high function","zorp","img/stim_hchf_a.png","left","ind",0,"high","high",5
"51e77891-eed2-49ff-b304-390aca2a6224","mass","low complexity, low function","blicket","img/stim_lclf_a.png","right","ind",0,"low","low",1
"51e77891-eed2-49ff-b304-390aca2a6224","mass","high complexity, low function","sarel","img/stim_hclf_b.png","right","con",1,"high","low",2
"51e77891-eed2-49ff-b304-390aca2a6224","mass","high complexity, high function","zorp","img/stim_hchf_a.png","left","ind",0,"high","high",3
"51e77891-eed2-49ff-b304-390aca2a6224","mass","low complexity, high function","toma","img/stim_lchf_a.png","left","con",1,"low","high",4
"51e77891-eed2-49ff-b304-390aca2a6224","mass","medium complexity, medium function","garn","img/stim_mcmf_a.png","left","con",1,"medium","medium",5
"e2a8fe61-aa95-4566-9c2e-bfae96c28372","mass","low complexity, high function","toma","img/stim_lchf_a.png","right","con",1,"low","high",1
"e2a8fe61-aa95-4566-9c2e-bfae96c28372","mass","high complexity, low function","sarel","img/stim_hclf_b.png","left","con",1,"high","low",2
"e2a8fe61-aa95-4566-9c2e-bfae96c28372","mass","high complexity, high function","garn","img/stim_hchf_a.png","left","con",1,"high","high",3
"e2a8fe61-aa95-4566-9c2e-bfae96c28372","mass","low complexity, low function","blicket","img/stim_lclf_b.png","right","con",1,"low","low",4
"e2a8fe61-aa95-4566-9c2e-bfae96c28372","mass","medium complexity, medium function","zorp","img/stim_mcmf_a.png","right","ind",0,"medium","medium",5
"0b13d33f-b855-4d21-a1fd-1f04c906b914","mass","high complexity, low function","sarel","img/stim_hclf_b.png","left","con",1,"high","low",1
"0b13d33f-b855-4d21-a1fd-1f04c906b914","mass","low complexity, low function","toma","img/stim_lclf_b.png","left","con",1,"low","low",2
"0b13d33f-b855-4d21-a1fd-1f04c906b914","mass","low complexity, high function","garn","img/stim_lchf_b.png","right","con",1,"low","high",3
"0b13d33f-b855-4d21-a1fd-1f04c906b914","mass","high complexity, high function","blicket","img/stim_hchf_b.png","left","con",1,"high","high",4
"0b13d33f-b855-4d21-a1fd-1f04c906b914","mass","medium complexity, medium function","zorp","img/stim_mcmf_a.png","left","con",1,"medium","medium",5
"d9b75b20-9aec-4f24-9c2a-29347edff3ff","mass","high complexity, high function","toma","img/stim_hchf_a.png","right","ind",0,"high","high",1
"d9b75b20-9aec-4f24-9c2a-29347edff3ff","mass","high complexity, low function","sarel","img/stim_hclf_b.png","left","ind",0,"high","low",2
"d9b75b20-9aec-4f24-9c2a-29347edff3ff","mass","medium complexity, medium function","blicket","img/stim_mcmf_a.png","left","ind",0,"medium","medium",3
"d9b75b20-9aec-4f24-9c2a-29347edff3ff","mass","low complexity, low function","zorp","img/stim_lclf_b.png","right","ind",0,"low","low",4
"d9b75b20-9aec-4f24-9c2a-29347edff3ff","mass","low complexity, high function","garn","img/stim_lchf_a.png","right","ind",0,"low","high",5
"9c27c575-2574-4b4a-af9f-b5a338978253","mass","high complexity, high function","sarel","img/stim_hchf_b.png","right","con",1,"high","high",1
"9c27c575-2574-4b4a-af9f-b5a338978253","mass","medium complexity, medium function","zorp","img/stim_mcmf_a.png","right","ind",0,"medium","medium",2
"9c27c575-2574-4b4a-af9f-b5a338978253","mass","low complexity, high function","toma","img/stim_lchf_b.png","right","con",1,"low","high",3
"9c27c575-2574-4b4a-af9f-b5a338978253","mass","low complexity, low function","garn","img/stim_lclf_b.png","left","con",1,"low","low",4
"9c27c575-2574-4b4a-af9f-b5a338978253","mass","high complexity, low function","blicket","img/stim_hclf_a.png","right","ind",0,"high","low",5
"66390e2f-9868-4113-ad30-32be3376c2a7","mass","medium complexity, medium function","sarel","img/stim_mcmf_a.png","left","con",1,"medium","medium",1
"66390e2f-9868-4113-ad30-32be3376c2a7","mass","high complexity, high function","toma","img/stim_hchf_b.png","right","ind",0,"high","high",2
"66390e2f-9868-4113-ad30-32be3376c2a7","mass","low complexity, high function","blicket","img/stim_lchf_b.png","left","ind",0,"low","high",3
"66390e2f-9868-4113-ad30-32be3376c2a7","mass","low complexity, low function","garn","img/stim_lclf_a.png","right","con",1,"low","low",4
"66390e2f-9868-4113-ad30-32be3376c2a7","mass","high complexity, low function","zorp","img/stim_hclf_b.png","left","con",1,"high","low",5
"a579d56b-6a3c-46d4-bb38-b2e0555f2e74","mass","medium complexity, medium function","garn","img/stim_mcmf_b.png","left","ind",0,"medium","medium",1
"a579d56b-6a3c-46d4-bb38-b2e0555f2e74","mass","low complexity, high function","blicket","img/stim_lchf_a.png","right","con",1,"low","high",2
"a579d56b-6a3c-46d4-bb38-b2e0555f2e74","mass","high complexity, low function","zorp","img/stim_hclf_a.png","right","con",1,"high","low",3
"a579d56b-6a3c-46d4-bb38-b2e0555f2e74","mass","high complexity, high function","sarel","img/stim_hchf_a.png","left","ind",0,"high","high",4
"a579d56b-6a3c-46d4-bb38-b2e0555f2e74","mass","low complexity, low function","toma","img/stim_lclf_a.png","right","con",1,"low","low",5
"eacb49bb-b2d9-48af-8b48-919271950afc","mass","medium complexity, medium function","sarel","img/stim_mcmf_a.png","right","ind",0,"medium","medium",1
"eacb49bb-b2d9-48af-8b48-919271950afc","mass","high complexity, high function","zorp","img/stim_hchf_b.png","left","ind",0,"high","high",2
"eacb49bb-b2d9-48af-8b48-919271950afc","mass","high complexity, low function","blicket","img/stim_hclf_a.png","right","ind",0,"high","low",3
"eacb49bb-b2d9-48af-8b48-919271950afc","mass","low complexity, high function","garn","img/stim_lchf_b.png","right","ind",0,"low","high",4
"eacb49bb-b2d9-48af-8b48-919271950afc","mass","low complexity, low function","toma","img/stim_lclf_b.png","right","ind",0,"low","low",5
"fcdd6832-7551-42c9-a82a-018e00e66962","mass","low complexity, high function","toma","img/stim_lchf_a.png","left","ind",0,"low","high",1
"fcdd6832-7551-42c9-a82a-018e00e66962","mass","high complexity, high function","garn","img/stim_hchf_b.png","left","con",1,"high","high",2
"fcdd6832-7551-42c9-a82a-018e00e66962","mass","high complexity, low function","sarel","img/stim_hclf_b.png","right","con",1,"high","low",3
"fcdd6832-7551-42c9-a82a-018e00e66962","mass","low complexity, low function","blicket","img/stim_lclf_b.png","right","ind",0,"low","low",4
"fcdd6832-7551-42c9-a82a-018e00e66962","mass","medium complexity, medium function","zorp","img/stim_mcmf_a.png","left","ind",0,"medium","medium",5
"e560ac2c-4b4b-4fb5-8b8a-b834f7f59fab","mass","medium complexity, medium function","garn","img/stim_mcmf_b.png","left","con",1,"medium","medium",1
"e560ac2c-4b4b-4fb5-8b8a-b834f7f59fab","mass","high complexity, high function","blicket","img/stim_hchf_b.png","right","ind",0,"high","high",2
"e560ac2c-4b4b-4fb5-8b8a-b834f7f59fab","mass","low complexity, high function","sarel","img/stim_lchf_a.png","left","ind",0,"low","high",3
"e560ac2c-4b4b-4fb5-8b8a-b834f7f59fab","mass","high complexity, low function","toma","img/stim_hclf_b.png","left","ind",0,"high","low",4
"e560ac2c-4b4b-4fb5-8b8a-b834f7f59fab","mass","low complexity, low function","zorp","img/stim_lclf_a.png","right","ind",0,"low","low",5
"d1a0dd93-e75d-4a1d-b238-87e3beb5a0cc","mass","low complexity, high function","blicket","img/stim_lchf_a.png","right","ind",0,"low","high",1
"d1a0dd93-e75d-4a1d-b238-87e3beb5a0cc","mass","low complexity, low function","sarel","img/stim_lclf_b.png","left","ind",0,"low","low",2
"d1a0dd93-e75d-4a1d-b238-87e3beb5a0cc","mass","medium complexity, medium function","zorp","img/stim_mcmf_a.png","left","con",1,"medium","medium",3
"d1a0dd93-e75d-4a1d-b238-87e3beb5a0cc","mass","high complexity, low function","garn","img/stim_hclf_a.png","right","ind",0,"high","low",4
"d1a0dd93-e75d-4a1d-b238-87e3beb5a0cc","mass","high complexity, high function","toma","img/stim_hchf_a.png","left","ind",0,"high","high",5
"28ee2b2a-c6d7-4f42-8127-f343315fafdb","mass","low complexity, high function","garn","img/stim_lchf_b.png","left","con",1,"low","high",1
"28ee2b2a-c6d7-4f42-8127-f343315fafdb","mass","low complexity, low function","blicket","img/stim_lclf_a.png","right","ind",0,"low","low",2
"28ee2b2a-c6d7-4f42-8127-f343315fafdb","mass","medium complexity, medium function","zorp","img/stim_mcmf_b.png","right","con",1,"medium","medium",3
"28ee2b2a-c6d7-4f42-8127-f343315fafdb","mass","high complexity, low function","sarel","img/stim_hclf_a.png","right","ind",0,"high","low",4
"28ee2b2a-c6d7-4f42-8127-f343315fafdb","mass","high complexity, high function","toma","img/stim_hchf_a.png","right","con",1,"high","high",5
"bcf9d638-2357-44d1-bf38-8d81a4115a6b","mass","high complexity, high function","garn","img/stim_hchf_b.png","left","ind",0,"high","high",1
"bcf9d638-2357-44d1-bf38-8d81a4115a6b","mass","low complexity, high function","zorp","img/stim_lchf_b.png","right","con",1,"low","high",2
"bcf9d638-2357-44d1-bf38-8d81a4115a6b","mass","low complexity, low function","sarel","img/stim_lclf_b.png","left","con",1,"low","low",3
"bcf9d638-2357-44d1-bf38-8d81a4115a6b","mass","high complexity, low function","toma","img/stim_hclf_b.png","left","con",1,"high","low",4
"bcf9d638-2357-44d1-bf38-8d81a4115a6b","mass","medium complexity, medium function","blicket","img/stim_mcmf_b.png","left","con",1,"medium","medium",5
"8ec5d2fb-3f9a-4788-b60d-2160dd1e96bc","mass","medium complexity, medium function","zorp","img/stim_mcmf_a.png","right","con",1,"medium","medium",1
"8ec5d2fb-3f9a-4788-b60d-2160dd1e96bc","mass","high complexity, low function","blicket","img/stim_hclf_a.png","left","con",1,"high","low",2
"8ec5d2fb-3f9a-4788-b60d-2160dd1e96bc","mass","low complexity, low function","garn","img/stim_lclf_a.png","right","ind",0,"low","low",3
"8ec5d2fb-3f9a-4788-b60d-2160dd1e96bc","mass","high complexity, high function","sarel","img/stim_hchf_a.png","right","con",1,"high","high",4
"8ec5d2fb-3f9a-4788-b60d-2160dd1e96bc","mass","low complexity, high function","toma","img/stim_lchf_a.png","right","con",1,"low","high",5
"c011fb61-46d7-4edd-8b98-144a2e290faf","mass","low complexity, low function","garn","img/stim_lclf_a.png","left","ind",0,"low","low",1
"c011fb61-46d7-4edd-8b98-144a2e290faf","mass","high complexity, low function","toma","img/stim_hclf_a.png","left","con",1,"high","low",2
"c011fb61-46d7-4edd-8b98-144a2e290faf","mass","medium complexity, medium function","sarel","img/stim_mcmf_b.png","right","ind",0,"medium","medium",3
"c011fb61-46d7-4edd-8b98-144a2e290faf","mass","low complexity, high function","blicket","img/stim_lchf_a.png","right","con",1,"low","high",4
"c011fb61-46d7-4edd-8b98-144a2e290faf","mass","high complexity, high function","zorp","img/stim_hchf_a.png","left","con",1,"high","high",5
"cee918a3-e031-49bf-bab5-4d53cf711fd9","mass","high complexity, low function","sarel","img/stim_hclf_a.png","right","ind",0,"high","low",1
"cee918a3-e031-49bf-bab5-4d53cf711fd9","mass","low complexity, high function","toma","img/stim_lchf_a.png","right","ind",0,"low","high",2
"cee918a3-e031-49bf-bab5-4d53cf711fd9","mass","medium complexity, medium function","garn","img/stim_mcmf_b.png","left","con",1,"medium","medium",3
"cee918a3-e031-49bf-bab5-4d53cf711fd9","mass","high complexity, high function","blicket","img/stim_hchf_a.png","right","ind",0,"high","high",4
"cee918a3-e031-49bf-bab5-4d53cf711fd9","mass","low complexity, low function","zorp","img/stim_lclf_b.png","left","con",1,"low","low",5
"d90f43f4-675c-4213-ad26-ef25f4e33555","mass","high complexity, high function","zorp","img/stim_hchf_b.png","right","ind",0,"high","high",1
"d90f43f4-675c-4213-ad26-ef25f4e33555","mass","low complexity, high function","blicket","img/stim_lchf_b.png","left","ind",0,"low","high",2
"d90f43f4-675c-4213-ad26-ef25f4e33555","mass","medium complexity, medium function","toma","img/stim_mcmf_b.png","right","ind",0,"medium","medium",3
"d90f43f4-675c-4213-ad26-ef25f4e33555","mass","low complexity, low function","sarel","img/stim_lclf_a.png","right","ind",0,"low","low",4
"d90f43f4-675c-4213-ad26-ef25f4e33555","mass","high complexity, low function","garn","img/stim_hclf_b.png","left","ind",0,"high","low",5
"1ca701bd-f0df-4ce9-b27e-246c083158d5","mass","low complexity, high function","garn","img/stim_lchf_a.png","left","con",1,"low","high",1
"1ca701bd-f0df-4ce9-b27e-246c083158d5","mass","high complexity, high function","toma","img/stim_hchf_b.png","left","con",1,"high","high",2
"1ca701bd-f0df-4ce9-b27e-246c083158d5","mass","high complexity, low function","blicket","img/stim_hclf_a.png","right","con",1,"high","low",3
"1ca701bd-f0df-4ce9-b27e-246c083158d5","mass","low complexity, low function","zorp","img/stim_lclf_b.png","left","con",1,"low","low",4
"1ca701bd-f0df-4ce9-b27e-246c083158d5","mass","medium complexity, medium function","sarel","img/stim_mcmf_a.png","right","ind",0,"medium","medium",5
"04c39144-73f9-4aca-b700-3336809b34dd","mass","high complexity, low function","blicket","img/stim_hclf_b.png","right","ind",0,"high","low",1
"04c39144-73f9-4aca-b700-3336809b34dd","mass","low complexity, high function","toma","img/stim_lchf_a.png","left","con",1,"low","high",2
"04c39144-73f9-4aca-b700-3336809b34dd","mass","high complexity, high function","sarel","img/stim_hchf_b.png","left","ind",0,"high","high",3
"04c39144-73f9-4aca-b700-3336809b34dd","mass","low complexity, low function","garn","img/stim_lclf_a.png","right","ind",0,"low","low",4
"04c39144-73f9-4aca-b700-3336809b34dd","mass","medium complexity, medium function","zorp","img/stim_mcmf_b.png","right","ind",0,"medium","medium",5
"620e32c6-0d85-4fad-b7a0-f0cb5ba03a15","mass","low complexity, high function","blicket","img/stim_lchf_a.png","left","ind",0,"low","high",1
"620e32c6-0d85-4fad-b7a0-f0cb5ba03a15","mass","low complexity, low function","sarel","img/stim_lclf_a.png","left","con",1,"low","low",2
"620e32c6-0d85-4fad-b7a0-f0cb5ba03a15","mass","high complexity, low function","toma","img/stim_hclf_b.png","right","con",1,"high","low",3
"620e32c6-0d85-4fad-b7a0-f0cb5ba03a15","mass","high complexity, high function","zorp","img/stim_hchf_b.png","left","con",1,"high","high",4
"620e32c6-0d85-4fad-b7a0-f0cb5ba03a15","mass","medium complexity, medium function","garn","img/stim_mcmf_a.png","right","con",1,"medium","medium",5
"a221d02e-0349-49c5-98f9-4e3545bd45ab","mass","high complexity, high function","toma","img/stim_hchf_b.png","right","ind",0,"high","high",1
"a221d02e-0349-49c5-98f9-4e3545bd45ab","mass","low complexity, high function","sarel","img/stim_lchf_a.png","left","ind",0,"low","high",2
"a221d02e-0349-49c5-98f9-4e3545bd45ab","mass","low complexity, low function","blicket","img/stim_lclf_a.png","left","con",1,"low","low",3
"a221d02e-0349-49c5-98f9-4e3545bd45ab","mass","high complexity, low function","garn","img/stim_hclf_a.png","right","ind",0,"high","low",4
"a221d02e-0349-49c5-98f9-4e3545bd45ab","mass","medium complexity, medium function","zorp","img/stim_mcmf_b.png","right","ind",0,"medium","medium",5
"c9cd6ed4-1aee-4cac-b91d-61f8f025b7d6","mass","low complexity, high function","zorp","img/stim_lchf_b.png","right","ind",0,"low","high",1
"c9cd6ed4-1aee-4cac-b91d-61f8f025b7d6","mass","high complexity, low function","garn","img/stim_hclf_b.png","left","ind",0,"high","low",2
"c9cd6ed4-1aee-4cac-b91d-61f8f025b7d6","mass","high complexity, high function","toma","img/stim_hchf_b.png","right","ind",0,"high","high",3
"c9cd6ed4-1aee-4cac-b91d-61f8f025b7d6","mass","low complexity, low function","sarel","img/stim_lclf_a.png","left","ind",0,"low","low",4
"c9cd6ed4-1aee-4cac-b91d-61f8f025b7d6","mass","medium complexity, medium function","blicket","img/stim_mcmf_a.png","right","ind",0,"medium","medium",5
"9bce75c8-1536-45c3-9651-9b29756577b6","mass","high complexity, high function","garn","img/stim_hchf_a.png","right","ind",0,"high","high",1
"9bce75c8-1536-45c3-9651-9b29756577b6","mass","low complexity, low function","sarel","img/stim_lclf_a.png","left","ind",0,"low","low",2
"9bce75c8-1536-45c3-9651-9b29756577b6","mass","high complexity, low function","zorp","img/stim_hclf_a.png","right","con",1,"high","low",3
"9bce75c8-1536-45c3-9651-9b29756577b6","mass","low complexity, high function","blicket","img/stim_lchf_a.png","right","ind",0,"low","high",4
"9bce75c8-1536-45c3-9651-9b29756577b6","mass","medium complexity, medium function","toma","img/stim_mcmf_b.png","left","con",1,"medium","medium",5
"9f06cf90-9ff9-4a23-9575-48489da9bebc","mass","high complexity, low function","toma","img/stim_hclf_b.png","left","ind",0,"high","low",1
"9f06cf90-9ff9-4a23-9575-48489da9bebc","mass","high complexity, high function","blicket","img/stim_hchf_b.png","left","con",1,"high","high",2
"9f06cf90-9ff9-4a23-9575-48489da9bebc","mass","medium complexity, medium function","garn","img/stim_mcmf_b.png","right","con",1,"medium","medium",3
"9f06cf90-9ff9-4a23-9575-48489da9bebc","mass","low complexity, low function","zorp","img/stim_lclf_a.png","left","ind",0,"low","low",4
"9f06cf90-9ff9-4a23-9575-48489da9bebc","mass","low complexity, high function","sarel","img/stim_lchf_b.png","left","con",1,"low","high",5
"4d6e9665-9737-4267-a547-fdf4ba85f6ca","mass","low complexity, low function","zorp","img/stim_lclf_a.png","right","con",1,"low","low",1
"4d6e9665-9737-4267-a547-fdf4ba85f6ca","mass","low complexity, high function","toma","img/stim_lchf_a.png","left","ind",0,"low","high",2
"4d6e9665-9737-4267-a547-fdf4ba85f6ca","mass","medium complexity, medium function","garn","img/stim_mcmf_b.png","right","ind",0,"medium","medium",3
"4d6e9665-9737-4267-a547-fdf4ba85f6ca","mass","high complexity, low function","sarel","img/stim_hclf_a.png","left","ind",0,"high","low",4
"4d6e9665-9737-4267-a547-fdf4ba85f6ca","mass","high complexity, high function","blicket","img/stim_hchf_a.png","right","ind",0,"high","high",5
"2013b35c-b804-410a-a34b-8f4399073b3b","mass","low complexity, low function","zorp","img/stim_lclf_b.png","left","ind",0,"low","low",1
"2013b35c-b804-410a-a34b-8f4399073b3b","mass","high complexity, low function","sarel","img/stim_hclf_b.png","left","con",1,"high","low",2
"2013b35c-b804-410a-a34b-8f4399073b3b","mass","low complexity, high function","toma","img/stim_lchf_b.png","right","ind",0,"low","high",3
"2013b35c-b804-410a-a34b-8f4399073b3b","mass","high complexity, high function","garn","img/stim_hchf_b.png","right","con",1,"high","high",4
"2013b35c-b804-410a-a34b-8f4399073b3b","mass","medium complexity, medium function","blicket","img/stim_mcmf_b.png","left","con",1,"medium","medium",5
"c30228b8-8229-4bdf-8729-c17fd3a57a57","mass","low complexity, low function","blicket","img/stim_lclf_b.png","left","con",1,"low","low",1
"c30228b8-8229-4bdf-8729-c17fd3a57a57","mass","high complexity, low function","sarel","img/stim_hclf_b.png","left","con",1,"high","low",2
"c30228b8-8229-4bdf-8729-c17fd3a57a57","mass","low complexity, high function","zorp","img/stim_lchf_a.png","right","ind",0,"low","high",3
"c30228b8-8229-4bdf-8729-c17fd3a57a57","mass","medium complexity, medium function","garn","img/stim_mcmf_a.png","left","con",1,"medium","medium",4
"c30228b8-8229-4bdf-8729-c17fd3a57a57","mass","high complexity, high function","toma","img/stim_hchf_b.png","right","ind",0,"high","high",5
"a0ae5aab-2f2b-4b27-99f3-0f103d97548e","mass","high complexity, low function","zorp","img/stim_hclf_b.png","right","ind",0,"high","low",1
"a0ae5aab-2f2b-4b27-99f3-0f103d97548e","mass","low complexity, low function","blicket","img/stim_lclf_b.png","left","ind",0,"low","low",2
"a0ae5aab-2f2b-4b27-99f3-0f103d97548e","mass","low complexity, high function","garn","img/stim_lchf_a.png","right","con",1,"low","high",3
"a0ae5aab-2f2b-4b27-99f3-0f103d97548e","mass","high complexity, high function","sarel","img/stim_hchf_a.png","left","ind",0,"high","high",4
"a0ae5aab-2f2b-4b27-99f3-0f103d97548e","mass","medium complexity, medium function","toma","img/stim_mcmf_b.png","left","ind",0,"medium","medium",5
"f89ac879-5ec7-437e-a5b2-de3e4e5f91f6","mass","high complexity, high function","toma","img/stim_hchf_a.png","right","ind",0,"high","high",1
"f89ac879-5ec7-437e-a5b2-de3e4e5f91f6","mass","medium complexity, medium function","zorp","img/stim_mcmf_a.png","left","con",1,"medium","medium",2
"f89ac879-5ec7-437e-a5b2-de3e4e5f91f6","mass","low complexity, high function","garn","img/stim_lchf_b.png","right","ind",0,"low","high",3
"f89ac879-5ec7-437e-a5b2-de3e4e5f91f6","mass","low complexity, low function","blicket","img/stim_lclf_b.png","right","con",1,"low","low",4
"f89ac879-5ec7-437e-a5b2-de3e4e5f91f6","mass","high complexity, low function","sarel","img/stim_hclf_b.png","right","ind",0,"high","low",5
"02a81184-cb5c-46a6-9a84-d6cefa996bb0","mass","medium complexity, medium function","blicket","img/stim_mcmf_a.png","right","ind",0,"medium","medium",1
"02a81184-cb5c-46a6-9a84-d6cefa996bb0","mass","high complexity, high function","zorp","img/stim_hchf_b.png","right","ind",0,"high","high",2
"02a81184-cb5c-46a6-9a84-d6cefa996bb0","mass","low complexity, low function","toma","img/stim_lclf_a.png","left","ind",0,"low","low",3
"02a81184-cb5c-46a6-9a84-d6cefa996bb0","mass","high complexity, low function","garn","img/stim_hclf_a.png","left","ind",0,"high","low",4
"02a81184-cb5c-46a6-9a84-d6cefa996bb0","mass","low complexity, high function","sarel","img/stim_lchf_b.png","left","ind",0,"low","high",5
"f83d5146-6f5c-4d52-afca-4612854e1058","mass","high complexity, low function","zorp","img/stim_hclf_b.png","right","ind",0,"high","low",1
"f83d5146-6f5c-4d52-afca-4612854e1058","mass","high complexity, high function","toma","img/stim_hchf_b.png","right","con",1,"high","high",2
"f83d5146-6f5c-4d52-afca-4612854e1058","mass","low complexity, low function","blicket","img/stim_lclf_a.png","left","con",1,"low","low",3
"f83d5146-6f5c-4d52-afca-4612854e1058","mass","low complexity, high function","garn","img/stim_lchf_a.png","left","con",1,"low","high",4
"f83d5146-6f5c-4d52-afca-4612854e1058","mass","medium complexity, medium function","sarel","img/stim_mcmf_a.png","right","ind",0,"medium","medium",5
"9c573b47-1552-4e0c-9f8f-10bb1ef41bae","mass","low complexity, high function","toma","img/stim_lchf_b.png","left","ind",0,"low","high",1
"9c573b47-1552-4e0c-9f8f-10bb1ef41bae","mass","medium complexity, medium function","blicket","img/stim_mcmf_b.png","left","con",1,"medium","medium",2
"9c573b47-1552-4e0c-9f8f-10bb1ef41bae","mass","high complexity, high function","sarel","img/stim_hchf_b.png","right","con",1,"high","high",3
"9c573b47-1552-4e0c-9f8f-10bb1ef41bae","mass","low complexity, low function","garn","img/stim_lclf_a.png","left","con",1,"low","low",4
"9c573b47-1552-4e0c-9f8f-10bb1ef41bae","mass","high complexity, low function","zorp","img/stim_hclf_b.png","right","ind",0,"high","low",5
"ccff8ede-cdbd-4186-b90b-7d4dc9a538a1","mass","low complexity, low function","garn","img/stim_lclf_a.png","right","ind",0,"low","low",1
"ccff8ede-cdbd-4186-b90b-7d4dc9a538a1","mass","high complexity, low function","toma","img/stim_hclf_b.png","left","ind",0,"high","low",2
"ccff8ede-cdbd-4186-b90b-7d4dc9a538a1","mass","low complexity, high function","zorp","img/stim_lchf_a.png","right","ind",0,"low","high",3
"ccff8ede-cdbd-4186-b90b-7d4dc9a538a1","mass","high complexity, high function","sarel","img/stim_hchf_b.png","left","con",1,"high","high",4
"ccff8ede-cdbd-4186-b90b-7d4dc9a538a1","mass","medium complexity, medium function","blicket","img/stim_mcmf_a.png","right","ind",0,"medium","medium",5
"efd63991-104d-42eb-98b5-33774782172b","mass","medium complexity, medium function","blicket","img/stim_mcmf_a.png","right","ind",0,"medium","medium",1
"efd63991-104d-42eb-98b5-33774782172b","mass","high complexity, high function","zorp","img/stim_hchf_b.png","left","ind",0,"high","high",2
"efd63991-104d-42eb-98b5-33774782172b","mass","high complexity, low function","sarel","img/stim_hclf_b.png","left","ind",0,"high","low",3
"efd63991-104d-42eb-98b5-33774782172b","mass","low complexity, low function","toma","img/stim_lclf_b.png","right","con",1,"low","low",4
"efd63991-104d-42eb-98b5-33774782172b","mass","low complexity, high function","garn","img/stim_lchf_a.png","left","ind",0,"low","high",5
"95ccc252-7ec4-4e7f-b580-37112c4f979d","mass","high complexity, low function","blicket","img/stim_hclf_b.png","left","ind",0,"high","low",1
"95ccc252-7ec4-4e7f-b580-37112c4f979d","mass","low complexity, low function","zorp","img/stim_lclf_b.png","left","con",1,"low","low",2
"95ccc252-7ec4-4e7f-b580-37112c4f979d","mass","high complexity, high function","sarel","img/stim_hchf_b.png","right","con",1,"high","high",3
"95ccc252-7ec4-4e7f-b580-37112c4f979d","mass","medium complexity, medium function","garn","img/stim_mcmf_b.png","left","con",1,"medium","medium",4
"95ccc252-7ec4-4e7f-b580-37112c4f979d","mass","low complexity, high function","toma","img/stim_lchf_b.png","left","con",1,"low","high",5
"26a890b7-96f1-42a3-bcb2-afc801bdf7b6","mass","low complexity, low function","sarel","img/stim_lclf_b.png","right","ind",0,"low","low",1
"26a890b7-96f1-42a3-bcb2-afc801bdf7b6","mass","low complexity, high function","blicket","img/stim_lchf_a.png","left","con",1,"low","high",2
"26a890b7-96f1-42a3-bcb2-afc801bdf7b6","mass","high complexity, high function","toma","img/stim_hchf_a.png","right","con",1,"high","high",3
"26a890b7-96f1-42a3-bcb2-afc801bdf7b6","mass","high complexity, low function","zorp","img/stim_hclf_b.png","left","ind",0,"high","low",4
"26a890b7-96f1-42a3-bcb2-afc801bdf7b6","mass","medium complexity, medium function","garn","img/stim_mcmf_a.png","left","con",1,"medium","medium",5
"df69f4b6-7a77-4a3b-b366-bb8d02a04cb6","mass","medium complexity, medium function","zorp","img/stim_mcmf_b.png","right","ind",0,"medium","medium",1
"df69f4b6-7a77-4a3b-b366-bb8d02a04cb6","mass","high complexity, high function","blicket","img/stim_hchf_b.png","right","ind",0,"high","high",2
"df69f4b6-7a77-4a3b-b366-bb8d02a04cb6","mass","high complexity, low function","toma","img/stim_hclf_a.png","left","ind",0,"high","low",3
"df69f4b6-7a77-4a3b-b366-bb8d02a04cb6","mass","low complexity, low function","garn","img/stim_lclf_a.png","left","ind",0,"low","low",4
"df69f4b6-7a77-4a3b-b366-bb8d02a04cb6","mass","low complexity, high function","sarel","img/stim_lchf_a.png","left","ind",0,"low","high",5
"ebdfd530-c26c-46da-9b7d-ee9e94cd76ff","mass","high complexity, low function","zorp","img/stim_hclf_b.png","left","ind",0,"high","low",1
"ebdfd530-c26c-46da-9b7d-ee9e94cd76ff","mass","low complexity, low function","garn","img/stim_lclf_a.png","right","ind",0,"low","low",2
"ebdfd530-c26c-46da-9b7d-ee9e94cd76ff","mass","medium complexity, medium function","toma","img/stim_mcmf_a.png","right","con",1,"medium","medium",3
"ebdfd530-c26c-46da-9b7d-ee9e94cd76ff","mass","high complexity, high function","blicket","img/stim_hchf_b.png","right","con",1,"high","high",4
"ebdfd530-c26c-46da-9b7d-ee9e94cd76ff","mass","low complexity, high function","sarel","img/stim_lchf_b.png","left","con",1,"low","high",5
"47f944bc-01ed-4c8f-95e7-ff9c74fa4e8b","mass","high complexity, low function","sarel","img/stim_hclf_a.png","right","ind",0,"high","low",1
"47f944bc-01ed-4c8f-95e7-ff9c74fa4e8b","mass","high complexity, high function","garn","img/stim_hchf_b.png","right","ind",0,"high","high",2
"47f944bc-01ed-4c8f-95e7-ff9c74fa4e8b","mass","low complexity, low function","blicket","img/stim_lclf_b.png","left","ind",0,"low","low",3
"47f944bc-01ed-4c8f-95e7-ff9c74fa4e8b","mass","low complexity, high function","zorp","img/stim_lchf_a.png","right","con",1,"low","high",4
"47f944bc-01ed-4c8f-95e7-ff9c74fa4e8b","mass","medium complexity, medium function","toma","img/stim_mcmf_b.png","left","con",1,"medium","medium",5
"3494a122-3086-45b4-8bbd-3d88ffe3afdd","mass","medium complexity, medium function","blicket","img/stim_mcmf_b.png","left","con",1,"medium","medium",1
"3494a122-3086-45b4-8bbd-3d88ffe3afdd","mass","high complexity, high function","garn","img/stim_hchf_a.png","right","con",1,"high","high",2
"3494a122-3086-45b4-8bbd-3d88ffe3afdd","mass","high complexity, low function","sarel","img/stim_hclf_b.png","left","con",1,"high","low",3
"3494a122-3086-45b4-8bbd-3d88ffe3afdd","mass","low complexity, high function","toma","img/stim_lchf_a.png","left","ind",0,"low","high",4
"3494a122-3086-45b4-8bbd-3d88ffe3afdd","mass","low complexity, low function","zorp","img/stim_lclf_a.png","right","ind",0,"low","low",5
"cb4a3e5a-7949-4c4e-8abf-83e92098e2bb","mass","low complexity, high function","blicket","img/stim_lchf_b.png","left","ind",0,"low","high",1
"cb4a3e5a-7949-4c4e-8abf-83e92098e2bb","mass","high complexity, low function","garn","img/stim_hclf_a.png","right","con",1,"high","low",2
"cb4a3e5a-7949-4c4e-8abf-83e92098e2bb","mass","low complexity, low function","toma","img/stim_lclf_b.png","left","con",1,"low","low",3
"cb4a3e5a-7949-4c4e-8abf-83e92098e2bb","mass","medium complexity, medium function","zorp","img/stim_mcmf_b.png","left","ind",0,"medium","medium",4
"cb4a3e5a-7949-4c4e-8abf-83e92098e2bb","mass","high complexity, high function","sarel","img/stim_hchf_b.png","right","ind",0,"high","high",5
"cf93090c-4bd7-4da1-ba22-124f35114571","mass","low complexity, high function","blicket","img/stim_lchf_a.png","left","ind",0,"low","high",1
"cf93090c-4bd7-4da1-ba22-124f35114571","mass","high complexity, high function","sarel","img/stim_hchf_a.png","right","con",1,"high","high",2
"cf93090c-4bd7-4da1-ba22-124f35114571","mass","medium complexity, medium function","zorp","img/stim_mcmf_a.png","right","ind",0,"medium","medium",3
"cf93090c-4bd7-4da1-ba22-124f35114571","mass","high complexity, low function","toma","img/stim_hclf_a.png","right","con",1,"high","low",4
"cf93090c-4bd7-4da1-ba22-124f35114571","mass","low complexity, low function","garn","img/stim_lclf_a.png","right","con",1,"low","low",5
"7a698cc2-9a90-4c26-8196-5f586e266b4d","mass","low complexity, low function","sarel","img/stim_lclf_a.png","left","con",1,"low","low",1
"7a698cc2-9a90-4c26-8196-5f586e266b4d","mass","high complexity, high function","blicket","img/stim_hchf_a.png","right","con",1,"high","high",2
"7a698cc2-9a90-4c26-8196-5f586e266b4d","mass","low complexity, high function","zorp","img/stim_lchf_a.png","left","con",1,"low","high",3
"7a698cc2-9a90-4c26-8196-5f586e266b4d","mass","high complexity, low function","toma","img/stim_hclf_b.png","left","con",1,"high","low",4
"7a698cc2-9a90-4c26-8196-5f586e266b4d","mass","medium complexity, medium function","garn","img/stim_mcmf_b.png","right","con",1,"medium","medium",5
"16aa5437-2ec5-491d-b5f5-b8a4990d5be3","mass","low complexity, high function","toma","img/stim_lchf_a.png","right","ind",0,"low","high",1
"16aa5437-2ec5-491d-b5f5-b8a4990d5be3","mass","medium complexity, medium function","zorp","img/stim_mcmf_b.png","left","con",1,"medium","medium",2
"16aa5437-2ec5-491d-b5f5-b8a4990d5be3","mass","high complexity, high function","blicket","img/stim_hchf_a.png","right","ind",0,"high","high",3
"16aa5437-2ec5-491d-b5f5-b8a4990d5be3","mass","low complexity, low function","garn","img/stim_lclf_b.png","right","con",1,"low","low",4
"16aa5437-2ec5-491d-b5f5-b8a4990d5be3","mass","high complexity, low function","sarel","img/stim_hclf_b.png","left","con",1,"high","low",5
"6fce9d14-f775-48ae-a018-b392dad219ee","mass","low complexity, low function","sarel","img/stim_lclf_a.png","left","ind",0,"low","low",1
"6fce9d14-f775-48ae-a018-b392dad219ee","mass","high complexity, low function","zorp","img/stim_hclf_b.png","right","ind",0,"high","low",2
"6fce9d14-f775-48ae-a018-b392dad219ee","mass","medium complexity, medium function","garn","img/stim_mcmf_a.png","right","ind",0,"medium","medium",3
"6fce9d14-f775-48ae-a018-b392dad219ee","mass","high complexity, high function","toma","img/stim_hchf_a.png","left","ind",0,"high","high",4
"6fce9d14-f775-48ae-a018-b392dad219ee","mass","low complexity, high function","blicket","img/stim_lchf_b.png","left","ind",0,"low","high",5
"62ac08b9-ce89-47e0-97b3-0ea521152022","mass","high complexity, low function","sarel","img/stim_hclf_a.png","right","ind",0,"high","low",1
"62ac08b9-ce89-47e0-97b3-0ea521152022","mass","low complexity, high function","toma","img/stim_lchf_b.png","right","ind",0,"low","high",2
"62ac08b9-ce89-47e0-97b3-0ea521152022","mass","medium complexity, medium function","garn","img/stim_mcmf_a.png","left","con",1,"medium","medium",3
"62ac08b9-ce89-47e0-97b3-0ea521152022","mass","low complexity, low function","blicket","img/stim_lclf_b.png","right","ind",0,"low","low",4
"62ac08b9-ce89-47e0-97b3-0ea521152022","mass","high complexity, high function","zorp","img/stim_hchf_b.png","right","ind",0,"high","high",5
"bce80dd8-32be-42f3-ac24-001331bde026","mass","medium complexity, medium function","blicket","img/stim_mcmf_a.png","left","ind",0,"medium","medium",1
"bce80dd8-32be-42f3-ac24-001331bde026","mass","low complexity, low function","toma","img/stim_lclf_b.png","right","con",1,"low","low",2
"bce80dd8-32be-42f3-ac24-001331bde026","mass","high complexity, low function","zorp","img/stim_hclf_b.png","right","ind",0,"high","low",3
"bce80dd8-32be-42f3-ac24-001331bde026","mass","low complexity, high function","garn","img/stim_lchf_a.png","right","con",1,"low","high",4
"bce80dd8-32be-42f3-ac24-001331bde026","mass","high complexity, high function","sarel","img/stim_hchf_a.png","left","ind",0,"high","high",5
"15584418-1c51-4cea-9504-ddf9e7a84e81","mass","low complexity, low function","zorp","img/stim_lclf_a.png","left","ind",0,"low","low",1
"15584418-1c51-4cea-9504-ddf9e7a84e81","mass","high complexity, low function","blicket","img/stim_hclf_b.png","left","ind",0,"high","low",2
"15584418-1c51-4cea-9504-ddf9e7a84e81","mass","high complexity, high function","garn","img/stim_hchf_a.png","left","ind",0,"high","high",3
"15584418-1c51-4cea-9504-ddf9e7a84e81","mass","medium complexity, medium function","sarel","img/stim_mcmf_a.png","left","ind",0,"medium","medium",4
"15584418-1c51-4cea-9504-ddf9e7a84e81","mass","low complexity, high function","toma","img/stim_lchf_a.png","left","ind",0,"low","high",5
"e3f7130a-885d-4d34-98f5-6553a25b9205","mass","low complexity, low function","garn","img/stim_lclf_a.png","right","con",1,"low","low",1
"e3f7130a-885d-4d34-98f5-6553a25b9205","mass","high complexity, low function","sarel","img/stim_hclf_a.png","left","con",1,"high","low",2
"e3f7130a-885d-4d34-98f5-6553a25b9205","mass","low complexity, high function","zorp","img/stim_lchf_b.png","right","ind",0,"low","high",3
"e3f7130a-885d-4d34-98f5-6553a25b9205","mass","medium complexity, medium function","blicket","img/stim_mcmf_a.png","left","con",1,"medium","medium",4
"e3f7130a-885d-4d34-98f5-6553a25b9205","mass","high complexity, high function","toma","img/stim_hchf_b.png","left","ind",0,"high","high",5
"61164827-e7c7-417b-8350-03ff4ab32827","mass","high complexity, high function","zorp","img/stim_hchf_b.png","left","con",1,"high","high",1
"61164827-e7c7-417b-8350-03ff4ab32827","mass","low complexity, high function","toma","img/stim_lchf_b.png","right","ind",0,"low","high",2
"61164827-e7c7-417b-8350-03ff4ab32827","mass","high complexity, low function","sarel","img/stim_hclf_a.png","right","ind",0,"high","low",3
"61164827-e7c7-417b-8350-03ff4ab32827","mass","low complexity, low function","garn","img/stim_lclf_a.png","right","ind",0,"low","low",4
"61164827-e7c7-417b-8350-03ff4ab32827","mass","medium complexity, medium function","blicket","img/stim_mcmf_a.png","left","con",1,"medium","medium",5
"0357a7ce-0503-4425-97a9-940e7c309662","mass","medium complexity, medium function","garn","img/stim_mcmf_b.png","right","ind",0,"medium","medium",1
"0357a7ce-0503-4425-97a9-940e7c309662","mass","high complexity, low function","toma","img/stim_hclf_b.png","right","ind",0,"high","low",2
"0357a7ce-0503-4425-97a9-940e7c309662","mass","low complexity, low function","sarel","img/stim_lclf_a.png","left","ind",0,"low","low",3
"0357a7ce-0503-4425-97a9-940e7c309662","mass","low complexity, high function","zorp","img/stim_lchf_b.png","right","ind",0,"low","high",4
"0357a7ce-0503-4425-97a9-940e7c309662","mass","high complexity, high function","blicket","img/stim_hchf_b.png","right","ind",0,"high","high",5
"7e55f1be-311b-4341-86e0-77ea32fbaa5b","mass","high complexity, low function","garn","img/stim_hclf_a.png","right","con",1,"high","low",1
"7e55f1be-311b-4341-86e0-77ea32fbaa5b","mass","low complexity, high function","blicket","img/stim_lchf_b.png","left","ind",0,"low","high",2
"7e55f1be-311b-4341-86e0-77ea32fbaa5b","mass","high complexity, high function","sarel","img/stim_hchf_b.png","right","con",1,"high","high",3
"7e55f1be-311b-4341-86e0-77ea32fbaa5b","mass","low complexity, low function","zorp","img/stim_lclf_b.png","left","ind",0,"low","low",4
"7e55f1be-311b-4341-86e0-77ea32fbaa5b","mass","medium complexity, medium function","toma","img/stim_mcmf_a.png","left","ind",0,"medium","medium",5
"cfdded74-109c-4ef8-a62e-e3fc565682ae","mass","medium complexity, medium function","toma","img/stim_mcmf_b.png","right","ind",0,"medium","medium",1
"cfdded74-109c-4ef8-a62e-e3fc565682ae","mass","low complexity, high function","zorp","img/stim_lchf_a.png","left","ind",0,"low","high",2
"cfdded74-109c-4ef8-a62e-e3fc565682ae","mass","low complexity, low function","blicket","img/stim_lclf_a.png","left","ind",0,"low","low",3
"cfdded74-109c-4ef8-a62e-e3fc565682ae","mass","high complexity, high function","garn","img/stim_hchf_a.png","left","ind",0,"high","high",4
"cfdded74-109c-4ef8-a62e-e3fc565682ae","mass","high complexity, low function","sarel","img/stim_hclf_b.png","left","ind",0,"high","low",5
"860b9b21-9647-4d7f-88db-a6bdffbbd139","mass","high complexity, low function","garn","img/stim_hclf_a.png","right","con",1,"high","low",1
"860b9b21-9647-4d7f-88db-a6bdffbbd139","mass","high complexity, high function","toma","img/stim_hchf_b.png","left","con",1,"high","high",2
"860b9b21-9647-4d7f-88db-a6bdffbbd139","mass","medium complexity, medium function","blicket","img/stim_mcmf_b.png","right","con",1,"medium","medium",3
"860b9b21-9647-4d7f-88db-a6bdffbbd139","mass","low complexity, low function","zorp","img/stim_lclf_a.png","right","ind",0,"low","low",4
"860b9b21-9647-4d7f-88db-a6bdffbbd139","mass","low complexity, high function","sarel","img/stim_lchf_b.png","right","con",1,"low","high",5
